0.101703,pubmed-10027775,NDC-SOLES
0.108455,pubmed-10081933,NDC-SOLES
0.097268,pubmed-10087209,NDC-SOLES
0.146,pubmed-10220225,NDC-SOLES
0.235668,pubmed-10226932,NDC-SOLES
0.250783,pubmed-10331989,NDC-SOLES
0.10227,pubmed-10338290,NDC-SOLES
0.113743,pubmed-10391452,NDC-SOLES
0.055773,pubmed-10408555,NDC-SOLES
0.819294,pubmed-10485705,NDC-SOLES
0.926706,pubmed-10491404,NDC-SOLES
0.823947,pubmed-10500095,NDC-SOLES
0.068866,pubmed-10552217,NDC-SOLES
0.057073,pubmed-10553950,NDC-SOLES
0.432876,pubmed-10555141,NDC-SOLES
0.168155,pubmed-10568516,NDC-SOLES
0.172316,pubmed-10592295,NDC-SOLES
0.056931,pubmed-10607866,NDC-SOLES
0.207301,pubmed-10628730,NDC-SOLES
0.077984,pubmed-10691294,NDC-SOLES
0.192387,pubmed-10698513,NDC-SOLES
0.219507,pubmed-10709209,NDC-SOLES
0.208593,pubmed-10755271,NDC-SOLES
0.10023,pubmed-10799662,NDC-SOLES
0.068934,pubmed-10826771,NDC-SOLES
0.9102,pubmed-10827969,NDC-SOLES
0.20996,pubmed-10835165,NDC-SOLES
0.074403,pubmed-10869516,NDC-SOLES
0.083998,pubmed-10939034,NDC-SOLES
0.743592,pubmed-10973973,NDC-SOLES
0.07825,pubmed-10994924,NDC-SOLES
0.101056,pubmed-11036212,NDC-SOLES
0.156207,pubmed-11060039,NDC-SOLES
0.088956,pubmed-11067980,NDC-SOLES
0.055121,pubmed-11087157,NDC-SOLES
0.34325,pubmed-11102541,NDC-SOLES
0.140156,pubmed-11110003,NDC-SOLES
0.087123,pubmed-11113642,NDC-SOLES
0.113896,pubmed-11119244,NDC-SOLES
0.17054,pubmed-11160957,NDC-SOLES
0.075606,pubmed-11218716,NDC-SOLES
0.274145,pubmed-11226743,NDC-SOLES
0.850135,pubmed-11230174,NDC-SOLES
0.096782,pubmed-11237734,NDC-SOLES
0.918536,pubmed-11239428,NDC-SOLES
0.986654,pubmed-11242117,NDC-SOLES
0.985438,pubmed-11242118,NDC-SOLES
0.034572,pubmed-11257312,NDC-SOLES
0.955703,pubmed-11279521,NDC-SOLES
0.936883,pubmed-11297510,NDC-SOLES
0.097924,pubmed-11391706,NDC-SOLES
0.093361,pubmed-11406810,NDC-SOLES
0.028758,pubmed-11454322,NDC-SOLES
0.043477,pubmed-11463512,NDC-SOLES
0.127558,pubmed-11520547,NDC-SOLES
0.145885,pubmed-11533712,NDC-SOLES
0.065873,pubmed-11534866,NDC-SOLES
0.893452,pubmed-11544478,NDC-SOLES
0.273464,pubmed-11545734,NDC-SOLES
0.172323,pubmed-11553685,NDC-SOLES
0.938167,pubmed-11555628,NDC-SOLES
0.869631,pubmed-11560960,NDC-SOLES
0.915019,pubmed-11580894,NDC-SOLES
0.264987,pubmed-11701760,NDC-SOLES
0.061942,pubmed-11713246,NDC-SOLES
0.243043,pubmed-11753645,NDC-SOLES
0.177159,pubmed-11756467,NDC-SOLES
0.10602,pubmed-11781241,NDC-SOLES
0.863432,pubmed-11797009,NDC-SOLES
0.063505,pubmed-11807834,NDC-SOLES
0.221185,pubmed-11818964,NDC-SOLES
0.872562,pubmed-11823444,NDC-SOLES
0.129652,pubmed-11838710,NDC-SOLES
0.01593,pubmed-11847536,NDC-SOLES
0.082098,pubmed-11857399,NDC-SOLES
0.941885,pubmed-11875047,NDC-SOLES
0.035379,pubmed-11880777,NDC-SOLES
0.106444,pubmed-11897100,NDC-SOLES
0.857375,pubmed-11967891,NDC-SOLES
0.139247,pubmed-11978398,NDC-SOLES
0.307053,pubmed-11998247,NDC-SOLES
0.09749,pubmed-12000121,NDC-SOLES
0.049901,pubmed-12027907,NDC-SOLES
0.080421,pubmed-12044782,NDC-SOLES
0.156105,pubmed-12062590,NDC-SOLES
0.181588,pubmed-12063257,NDC-SOLES
0.902288,pubmed-12086644,NDC-SOLES
0.869579,pubmed-12112874,NDC-SOLES
0.098544,pubmed-12168322,NDC-SOLES
0.089664,pubmed-12169689,NDC-SOLES
0.943274,pubmed-12192061,NDC-SOLES
0.140586,pubmed-12192617,NDC-SOLES
0.055706,pubmed-12231450,NDC-SOLES
0.089631,pubmed-12351716,NDC-SOLES
0.939004,pubmed-12379852,NDC-SOLES
0.878287,pubmed-12381661,NDC-SOLES
0.228429,pubmed-12410521,NDC-SOLES
0.057613,pubmed-12421919,NDC-SOLES
0.035199,pubmed-12443737,NDC-SOLES
0.425246,pubmed-12486163,NDC-SOLES
0.063483,pubmed-12503093,NDC-SOLES
0.213966,pubmed-12514097,NDC-SOLES
0.278554,pubmed-12555202,NDC-SOLES
0.934065,pubmed-12598599,NDC-SOLES
0.085434,pubmed-12601365,NDC-SOLES
0.326491,pubmed-12640005,NDC-SOLES
0.16067,pubmed-12665569,NDC-SOLES
0.082476,pubmed-12665573,NDC-SOLES
0.435025,pubmed-12671524,NDC-SOLES
0.117208,pubmed-12679146,NDC-SOLES
0.10503,pubmed-12680997,NDC-SOLES
0.188191,pubmed-12702742,NDC-SOLES
0.778323,pubmed-12717432,NDC-SOLES
0.025415,pubmed-12746865,NDC-SOLES
0.147489,pubmed-12761339,NDC-SOLES
0.870732,pubmed-12805550,NDC-SOLES
0.091167,pubmed-12824782,NDC-SOLES
0.058868,pubmed-12837572,NDC-SOLES
0.889159,pubmed-12888219,NDC-SOLES
0.096171,pubmed-12923213,NDC-SOLES
0.231209,pubmed-12953268,NDC-SOLES
0.14851,pubmed-12956733,NDC-SOLES
0.319646,pubmed-14506133,NDC-SOLES
0.131932,pubmed-14533781,NDC-SOLES
0.035695,pubmed-14593091,NDC-SOLES
0.112115,pubmed-14602089,NDC-SOLES
0.238028,pubmed-14630717,NDC-SOLES
0.126613,pubmed-14642440,NDC-SOLES
0.872816,pubmed-14659996,NDC-SOLES
0.667831,pubmed-14674845,NDC-SOLES
0.140051,pubmed-14679203,NDC-SOLES
0.128351,pubmed-14736855,NDC-SOLES
0.954046,pubmed-14966286,NDC-SOLES
0.643465,pubmed-14973240,NDC-SOLES
0.216623,pubmed-14973270,NDC-SOLES
0.137035,pubmed-14993145,NDC-SOLES
0.268243,pubmed-15019942,NDC-SOLES
0.138837,pubmed-15030778,NDC-SOLES
0.117739,pubmed-15044042,NDC-SOLES
0.321674,pubmed-15046871,NDC-SOLES
0.396476,pubmed-15056696,NDC-SOLES
0.967763,pubmed-15066271,NDC-SOLES
0.16526,pubmed-15126128,NDC-SOLES
0.845832,pubmed-15146240,NDC-SOLES
0.823597,pubmed-15184377,NDC-SOLES
0.898765,pubmed-15194823,NDC-SOLES
0.268186,pubmed-15198801,NDC-SOLES
0.103641,pubmed-15234117,NDC-SOLES
0.041544,pubmed-15262204,NDC-SOLES
0.152872,pubmed-15265794,NDC-SOLES
0.250364,pubmed-15301441,NDC-SOLES
0.115664,pubmed-15302130,NDC-SOLES
0.052959,pubmed-15315342,NDC-SOLES
0.099375,pubmed-15325130,NDC-SOLES
0.676309,pubmed-15342473,NDC-SOLES
0.969291,pubmed-15351775,NDC-SOLES
0.06903,pubmed-15378509,NDC-SOLES
0.019197,pubmed-15379447,NDC-SOLES
0.074909,pubmed-15380492,NDC-SOLES
0.154096,pubmed-15456878,NDC-SOLES
0.200799,pubmed-15456931,NDC-SOLES
0.142705,pubmed-15475178,NDC-SOLES
0.29297,pubmed-15492213,NDC-SOLES
0.09156,pubmed-15520163,NDC-SOLES
0.045166,pubmed-15567333,NDC-SOLES
0.220037,pubmed-15670775,NDC-SOLES
0.115616,pubmed-15671018,NDC-SOLES
0.036653,pubmed-15701254,NDC-SOLES
0.143677,pubmed-15703211,NDC-SOLES
0.908473,pubmed-15746153,NDC-SOLES
0.957489,pubmed-15748850,NDC-SOLES
0.829751,pubmed-15755515,NDC-SOLES
0.150357,pubmed-15757890,NDC-SOLES
0.14235,pubmed-15764699,NDC-SOLES
0.039067,pubmed-15806173,NDC-SOLES
0.538533,pubmed-15811384,NDC-SOLES
0.274568,pubmed-15817195,NDC-SOLES
0.017093,pubmed-15862921,NDC-SOLES
0.945407,pubmed-15878204,NDC-SOLES
0.233056,pubmed-15899944,NDC-SOLES
0.055406,pubmed-15937150,NDC-SOLES
0.906972,pubmed-15949229,NDC-SOLES
0.10251,pubmed-15950021,NDC-SOLES
0.211144,pubmed-15951562,NDC-SOLES
0.067478,pubmed-15955669,NDC-SOLES
0.072277,pubmed-15974178,NDC-SOLES
0.972132,pubmed-15977646,NDC-SOLES
0.287217,pubmed-15979311,NDC-SOLES
0.939983,pubmed-15983371,NDC-SOLES
0.131461,pubmed-15998793,NDC-SOLES
0.313637,pubmed-16000153,NDC-SOLES
0.854905,pubmed-16022389,NDC-SOLES
0.065838,pubmed-16023090,NDC-SOLES
0.532933,pubmed-16035034,NDC-SOLES
0.070333,pubmed-16039062,NDC-SOLES
0.099514,pubmed-16051596,NDC-SOLES
0.081651,pubmed-16051982,NDC-SOLES
0.972207,pubmed-16055059,NDC-SOLES
0.872212,pubmed-16106363,NDC-SOLES
0.069433,pubmed-16150111,NDC-SOLES
0.988873,pubmed-16176388,NDC-SOLES
0.042807,pubmed-16190927,NDC-SOLES
0.705828,pubmed-16199166,NDC-SOLES
0.078796,pubmed-16210377,NDC-SOLES
0.848605,pubmed-16251435,NDC-SOLES
0.948903,pubmed-16257225,NDC-SOLES
0.064689,pubmed-16284073,NDC-SOLES
0.115329,pubmed-16288458,NDC-SOLES
0.935104,pubmed-16300636,NDC-SOLES
0.087508,pubmed-16314485,NDC-SOLES
0.058516,pubmed-16317109,NDC-SOLES
0.030406,pubmed-16331889,NDC-SOLES
0.25169,pubmed-16362527,NDC-SOLES
0.935297,pubmed-16368758,NDC-SOLES
0.11141,pubmed-16409553,NDC-SOLES
0.961895,pubmed-16452252,NDC-SOLES
0.189309,pubmed-16465494,NDC-SOLES
0.971385,pubmed-16467389,NDC-SOLES
0.095624,pubmed-16496415,NDC-SOLES
0.146137,pubmed-16518877,NDC-SOLES
0.12561,pubmed-16520830,NDC-SOLES
0.383825,pubmed-16525940,NDC-SOLES
0.101521,pubmed-16529610,NDC-SOLES
0.664958,pubmed-16540584,NDC-SOLES
0.525169,pubmed-16554754,NDC-SOLES
0.08532,pubmed-16565401,NDC-SOLES
0.126109,pubmed-16609043,NDC-SOLES
0.064225,pubmed-16645721,NDC-SOLES
0.371802,pubmed-16672647,NDC-SOLES
0.886916,pubmed-16675393,NDC-SOLES
0.059897,pubmed-16675515,NDC-SOLES
0.23823,pubmed-16704895,NDC-SOLES
0.228781,pubmed-16716898,NDC-SOLES
0.180286,pubmed-16737849,NDC-SOLES
0.798397,pubmed-16763026,NDC-SOLES
0.064838,pubmed-16782507,NDC-SOLES
0.576158,pubmed-16818619,NDC-SOLES
0.124896,pubmed-16826366,NDC-SOLES
0.034729,pubmed-16860915,NDC-SOLES
0.902208,pubmed-16875466,NDC-SOLES
0.11143,pubmed-16895991,NDC-SOLES
0.09225,pubmed-16902995,NDC-SOLES
0.900226,pubmed-16921370,NDC-SOLES
0.155334,pubmed-16922889,NDC-SOLES
0.242982,pubmed-16956678,NDC-SOLES
0.123045,pubmed-16973377,NDC-SOLES
0.077115,pubmed-16981869,NDC-SOLES
0.061496,pubmed-16989981,NDC-SOLES
0.301604,pubmed-17062563,NDC-SOLES
0.045813,pubmed-17089323,NDC-SOLES
0.831366,pubmed-17101632,NDC-SOLES
0.25655,pubmed-17108004,NDC-SOLES
0.144256,pubmed-17140834,NDC-SOLES
0.399591,pubmed-17192930,NDC-SOLES
0.042937,pubmed-17196184,NDC-SOLES
0.922037,pubmed-17197085,NDC-SOLES
0.031425,pubmed-17208654,NDC-SOLES
0.087893,pubmed-17234750,NDC-SOLES
0.150133,pubmed-17237784,NDC-SOLES
0.053945,pubmed-17319923,NDC-SOLES
0.296969,pubmed-17360915,NDC-SOLES
0.207203,pubmed-17395336,NDC-SOLES
0.149397,pubmed-17403895,NDC-SOLES
0.161825,pubmed-17437414,NDC-SOLES
0.077724,pubmed-17445302,NDC-SOLES
0.270716,pubmed-17471557,NDC-SOLES
0.073122,pubmed-17508998,NDC-SOLES
0.939684,pubmed-17532643,NDC-SOLES
0.80747,pubmed-17537723,NDC-SOLES
0.919439,pubmed-17537961,NDC-SOLES
0.067001,pubmed-17595538,NDC-SOLES
0.143149,pubmed-17604636,NDC-SOLES
0.205572,pubmed-17611285,NDC-SOLES
0.9145,pubmed-17619227,NDC-SOLES
0.083488,pubmed-17640403,NDC-SOLES
0.725534,pubmed-17640820,NDC-SOLES
0.243148,pubmed-17640909,NDC-SOLES
0.033388,pubmed-17651414,NDC-SOLES
0.94761,pubmed-17720885,NDC-SOLES
0.178675,pubmed-17725845,NDC-SOLES
0.868231,pubmed-17728320,NDC-SOLES
0.977364,pubmed-17823315,NDC-SOLES
0.173739,pubmed-17846168,NDC-SOLES
0.630776,pubmed-17878293,NDC-SOLES
0.043852,pubmed-17889286,NDC-SOLES
0.690668,pubmed-17893678,NDC-SOLES
0.943491,pubmed-17913925,NDC-SOLES
0.197573,pubmed-17941850,NDC-SOLES
0.103714,pubmed-17967941,NDC-SOLES
0.08204,pubmed-17982071,NDC-SOLES
0.195651,pubmed-17983354,NDC-SOLES
0.946896,pubmed-17983671,NDC-SOLES
0.042098,pubmed-17985192,NDC-SOLES
0.829025,pubmed-17986521,NDC-SOLES
0.218667,pubmed-18031550,NDC-SOLES
0.559049,pubmed-18037993,NDC-SOLES
0.026491,pubmed-18080902,NDC-SOLES
0.069231,pubmed-18082973,NDC-SOLES
0.088459,pubmed-18159994,NDC-SOLES
0.088472,pubmed-18172866,NDC-SOLES
0.074253,pubmed-18172875,NDC-SOLES
0.340096,pubmed-18186492,NDC-SOLES
0.183978,pubmed-18194217,NDC-SOLES
0.838657,pubmed-18226451,NDC-SOLES
0.958758,pubmed-18227507,NDC-SOLES
0.294191,pubmed-18248940,NDC-SOLES
0.08446,pubmed-18258680,NDC-SOLES
0.900483,pubmed-18272679,NDC-SOLES
0.958168,pubmed-18272690,NDC-SOLES
0.090258,pubmed-18281460,NDC-SOLES
0.10249,pubmed-18295933,NDC-SOLES
0.134032,pubmed-18308784,NDC-SOLES
0.070619,pubmed-18332640,NDC-SOLES
0.098426,pubmed-18343996,NDC-SOLES
0.244711,pubmed-18345003,NDC-SOLES
0.771114,pubmed-18371367,NDC-SOLES
0.453507,pubmed-18413370,NDC-SOLES
0.848415,pubmed-18469815,NDC-SOLES
0.133555,pubmed-18487017,NDC-SOLES
0.070566,pubmed-18490145,NDC-SOLES
0.452584,pubmed-18506028,NDC-SOLES
0.209504,pubmed-18512762,NDC-SOLES
0.561534,pubmed-18514431,NDC-SOLES
0.185737,pubmed-18515424,NDC-SOLES
0.019468,pubmed-18534255,NDC-SOLES
0.268149,pubmed-18544626,NDC-SOLES
0.589423,pubmed-18544893,NDC-SOLES
0.125899,pubmed-18571851,NDC-SOLES
0.092332,pubmed-18573219,NDC-SOLES
0.163209,pubmed-18586681,NDC-SOLES
0.928695,pubmed-18599438,NDC-SOLES
0.063307,pubmed-18618674,NDC-SOLES
0.126997,pubmed-18667034,NDC-SOLES
0.034633,pubmed-18691368,NDC-SOLES
0.968807,pubmed-18701717,NDC-SOLES
0.16005,pubmed-18726299,NDC-SOLES
0.151648,pubmed-18727048,NDC-SOLES
0.975357,pubmed-18773074,NDC-SOLES
0.902558,pubmed-18778693,NDC-SOLES
0.272108,pubmed-18814855,NDC-SOLES
0.075732,pubmed-18815803,NDC-SOLES
0.905478,pubmed-18832330,NDC-SOLES
0.052623,pubmed-18951627,NDC-SOLES
0.074654,pubmed-18977160,NDC-SOLES
0.061568,pubmed-18985733,NDC-SOLES
0.190026,pubmed-18997061,NDC-SOLES
0.050647,pubmed-19000280,NDC-SOLES
0.139777,pubmed-19020039,NDC-SOLES
0.042608,pubmed-19028732,NDC-SOLES
0.153017,pubmed-19036738,NDC-SOLES
0.298657,pubmed-19059382,NDC-SOLES
0.863019,pubmed-19081379,NDC-SOLES
0.147468,pubmed-19081794,NDC-SOLES
0.152864,pubmed-19091967,NDC-SOLES
0.302762,pubmed-19101990,NDC-SOLES
0.301639,pubmed-19124687,NDC-SOLES
0.228383,pubmed-19132118,NDC-SOLES
0.821003,pubmed-19137022,NDC-SOLES
0.969778,pubmed-19145222,NDC-SOLES
0.855674,pubmed-19151705,NDC-SOLES
0.191112,pubmed-19185849,NDC-SOLES
0.661256,pubmed-19196994,NDC-SOLES
0.974996,pubmed-19208814,NDC-SOLES
0.840107,pubmed-19211884,NDC-SOLES
0.166955,pubmed-19216901,NDC-SOLES
0.938781,pubmed-19225110,NDC-SOLES
0.122851,pubmed-19228201,NDC-SOLES
0.959662,pubmed-19243448,NDC-SOLES
0.036639,pubmed-19261642,NDC-SOLES
0.882063,pubmed-19261893,NDC-SOLES
0.270645,pubmed-19278836,NDC-SOLES
0.101361,pubmed-19317611,NDC-SOLES
0.108823,pubmed-19332334,NDC-SOLES
0.085022,pubmed-19333689,NDC-SOLES
0.154512,pubmed-19339499,NDC-SOLES
0.93856,pubmed-19360662,NDC-SOLES
0.970529,pubmed-19369296,NDC-SOLES
0.217341,pubmed-19372220,NDC-SOLES
0.090571,pubmed-19376166,NDC-SOLES
0.105537,pubmed-19396168,NDC-SOLES
0.147139,pubmed-19397936,NDC-SOLES
0.952213,pubmed-19414073,NDC-SOLES
0.049875,pubmed-19429015,NDC-SOLES
0.954206,pubmed-19430469,NDC-SOLES
0.064107,pubmed-19435821,NDC-SOLES
0.852499,pubmed-19470613,NDC-SOLES
0.138977,pubmed-19485559,NDC-SOLES
0.817824,pubmed-19490899,NDC-SOLES
0.171382,pubmed-19506242,NDC-SOLES
0.096058,pubmed-19531635,NDC-SOLES
0.065345,pubmed-19544429,NDC-SOLES
0.916313,pubmed-19563756,NDC-SOLES
0.847274,pubmed-19587282,NDC-SOLES
0.04434,pubmed-19595742,NDC-SOLES
0.77651,pubmed-19595767,NDC-SOLES
0.065977,pubmed-19605904,NDC-SOLES
0.119866,pubmed-19620278,NDC-SOLES
0.094237,pubmed-19625655,NDC-SOLES
0.687166,pubmed-19627984,NDC-SOLES
0.404499,pubmed-19633169,NDC-SOLES
0.854846,pubmed-19640847,NDC-SOLES
0.078144,pubmed-19642132,NDC-SOLES
0.943251,pubmed-19659572,NDC-SOLES
0.919678,pubmed-19666116,NDC-SOLES
0.027944,pubmed-19670444,NDC-SOLES
0.10445,pubmed-19674057,NDC-SOLES
0.325766,pubmed-19682090,NDC-SOLES
0.140397,pubmed-19706770,NDC-SOLES
0.091198,pubmed-19723655,NDC-SOLES
0.90747,pubmed-19723784,NDC-SOLES
0.339169,pubmed-19734894,NDC-SOLES
0.082277,pubmed-19760337,NDC-SOLES
0.047433,pubmed-19777158,NDC-SOLES
0.286696,pubmed-19782028,NDC-SOLES
0.03669,pubmed-19785543,NDC-SOLES
0.067858,pubmed-19790262,NDC-SOLES
0.912563,pubmed-19799873,NDC-SOLES
0.04714,pubmed-19800952,NDC-SOLES
0.938764,pubmed-19812320,NDC-SOLES
0.94772,pubmed-19822762,NDC-SOLES
0.958288,pubmed-19932134,NDC-SOLES
0.969446,pubmed-19936290,NDC-SOLES
0.813333,pubmed-19945391,NDC-SOLES
0.116773,pubmed-19969506,NDC-SOLES
0.889645,pubmed-19998492,NDC-SOLES
0.966342,pubmed-20007372,NDC-SOLES
0.961971,pubmed-20011099,NDC-SOLES
0.870401,pubmed-20016099,NDC-SOLES
0.191961,pubmed-20026272,NDC-SOLES
0.064479,pubmed-20050973,NDC-SOLES
0.264971,pubmed-20051123,NDC-SOLES
0.102443,pubmed-20056129,NDC-SOLES
0.046134,pubmed-20069209,NDC-SOLES
0.945176,pubmed-20071534,NDC-SOLES
0.126647,pubmed-20078908,NDC-SOLES
0.045597,pubmed-20079361,NDC-SOLES
0.045711,pubmed-20091783,NDC-SOLES
0.926614,pubmed-20096586,NDC-SOLES
0.928261,pubmed-20105235,NDC-SOLES
0.194554,pubmed-20126541,NDC-SOLES
0.141862,pubmed-20132903,NDC-SOLES
0.48334,pubmed-20133615,NDC-SOLES
0.884916,pubmed-20138994,NDC-SOLES
0.106349,pubmed-20147533,NDC-SOLES
0.036448,pubmed-20151365,NDC-SOLES
0.96292,pubmed-20163734,NDC-SOLES
0.085649,pubmed-20165695,NDC-SOLES
0.154391,pubmed-20171185,NDC-SOLES
0.265018,pubmed-20171202,NDC-SOLES
0.13633,pubmed-20175790,NDC-SOLES
0.063386,pubmed-20187850,NDC-SOLES
0.81357,pubmed-20194734,NDC-SOLES
0.117519,pubmed-20197783,NDC-SOLES
0.938263,pubmed-20211139,NDC-SOLES
0.972433,pubmed-20300527,NDC-SOLES
0.224008,pubmed-20339443,NDC-SOLES
0.930626,pubmed-20357110,NDC-SOLES
0.128871,pubmed-20368287,NDC-SOLES
0.197114,pubmed-20370715,NDC-SOLES
0.281333,pubmed-20374639,NDC-SOLES
0.843621,pubmed-20392952,NDC-SOLES
0.928829,pubmed-20392954,NDC-SOLES
0.070696,pubmed-20393118,NDC-SOLES
0.079959,pubmed-20400519,NDC-SOLES
0.063396,pubmed-20405049,NDC-SOLES
0.108066,pubmed-20405854,NDC-SOLES
0.885386,pubmed-20414372,NDC-SOLES
0.216329,pubmed-20418874,NDC-SOLES
0.223213,pubmed-20420385,NDC-SOLES
0.055783,pubmed-20449617,NDC-SOLES
0.94902,pubmed-20450890,NDC-SOLES
0.910786,pubmed-20452127,NDC-SOLES
0.820551,pubmed-20463240,NDC-SOLES
0.070538,pubmed-20471038,NDC-SOLES
0.903408,pubmed-20573883,NDC-SOLES
0.076128,pubmed-20589092,NDC-SOLES
0.322046,pubmed-20592197,NDC-SOLES
0.215284,pubmed-20610766,NDC-SOLES
0.082223,pubmed-20626729,NDC-SOLES
0.118566,pubmed-20645309,NDC-SOLES
0.171609,pubmed-20650883,NDC-SOLES
0.361462,pubmed-20656787,NDC-SOLES
0.930668,pubmed-20696245,NDC-SOLES
0.943428,pubmed-20699105,NDC-SOLES
0.147306,pubmed-20700456,NDC-SOLES
0.059349,pubmed-20712756,NDC-SOLES
0.069607,pubmed-20713048,NDC-SOLES
0.044943,pubmed-20714908,NDC-SOLES
0.349995,pubmed-20720508,NDC-SOLES
0.157973,pubmed-20724660,NDC-SOLES
0.116093,pubmed-20727596,NDC-SOLES
0.299168,pubmed-20802478,NDC-SOLES
0.05538,pubmed-20837132,NDC-SOLES
0.079562,pubmed-20850139,NDC-SOLES
0.083978,pubmed-20851574,NDC-SOLES
0.116991,pubmed-20858763,NDC-SOLES
0.08642,pubmed-20865735,NDC-SOLES
0.153418,pubmed-20876117,NDC-SOLES
0.928113,pubmed-20882401,NDC-SOLES
0.93439,pubmed-20927644,NDC-SOLES
0.221291,pubmed-20946874,NDC-SOLES
0.93251,pubmed-20952458,NDC-SOLES
0.109127,pubmed-20957047,NDC-SOLES
0.552498,pubmed-21029865,NDC-SOLES
0.967518,pubmed-21048139,NDC-SOLES
0.954914,pubmed-21062901,NDC-SOLES
0.980688,pubmed-21068835,NDC-SOLES
0.081995,pubmed-21071287,NDC-SOLES
0.817148,pubmed-21074052,NDC-SOLES
0.241267,pubmed-21075104,NDC-SOLES
0.15817,pubmed-21093357,NDC-SOLES
0.064088,pubmed-21127499,NDC-SOLES
0.024066,pubmed-21147076,NDC-SOLES
0.853428,pubmed-21156207,NDC-SOLES
0.986629,pubmed-21167025,NDC-SOLES
0.11911,pubmed-21196313,NDC-SOLES
0.119435,pubmed-21211953,NDC-SOLES
0.963934,pubmed-21220020,NDC-SOLES
0.089859,pubmed-21234373,NDC-SOLES
0.062947,pubmed-21246554,NDC-SOLES
0.155927,pubmed-21256119,NDC-SOLES
0.052495,pubmed-21277911,NDC-SOLES
0.978777,pubmed-21330301,NDC-SOLES
0.026329,pubmed-21332672,NDC-SOLES
0.073226,pubmed-21352844,NDC-SOLES
0.229795,pubmed-21397855,NDC-SOLES
0.087191,pubmed-21398595,NDC-SOLES
0.985709,pubmed-21423165,NDC-SOLES
0.048356,pubmed-21430408,NDC-SOLES
0.486494,pubmed-21473985,NDC-SOLES
0.428273,pubmed-21515581,NDC-SOLES
0.199276,pubmed-21521784,NDC-SOLES
0.056004,pubmed-21530633,NDC-SOLES
0.098812,pubmed-21556562,NDC-SOLES
0.995946,pubmed-21558424,NDC-SOLES
0.974715,pubmed-21565394,NDC-SOLES
0.391791,pubmed-21570712,NDC-SOLES
0.114662,pubmed-21641195,NDC-SOLES
0.951147,pubmed-21669931,NDC-SOLES
0.02555,pubmed-21672189,NDC-SOLES
0.056661,pubmed-21687355,NDC-SOLES
0.067831,pubmed-21699923,NDC-SOLES
0.095466,pubmed-21703421,NDC-SOLES
0.337586,pubmed-21715609,NDC-SOLES
0.86288,pubmed-21745337,NDC-SOLES
0.094992,pubmed-21750986,NDC-SOLES
0.318527,pubmed-21751912,NDC-SOLES
0.438226,pubmed-21767826,NDC-SOLES
0.075334,pubmed-21772333,NDC-SOLES
0.966701,pubmed-21808020,NDC-SOLES
0.147284,pubmed-21832029,NDC-SOLES
0.887469,pubmed-21856714,NDC-SOLES
0.103519,pubmed-21865553,NDC-SOLES
0.985965,pubmed-21878566,NDC-SOLES
0.861536,pubmed-21904980,NDC-SOLES
0.152412,pubmed-21945393,NDC-SOLES
0.267685,pubmed-21949412,NDC-SOLES
0.208816,pubmed-21952241,NDC-SOLES
0.902502,pubmed-21964919,NDC-SOLES
0.102476,pubmed-21968643,NDC-SOLES
0.49924,pubmed-21972117,NDC-SOLES
0.948722,pubmed-21974935,NDC-SOLES
0.100517,pubmed-21988194,NDC-SOLES
0.173687,pubmed-22000581,NDC-SOLES
0.214768,pubmed-22006816,NDC-SOLES
0.91412,pubmed-22009357,NDC-SOLES
0.149513,pubmed-22019944,NDC-SOLES
0.952952,pubmed-22021912,NDC-SOLES
0.163344,pubmed-22023958,NDC-SOLES
0.020952,pubmed-22024356,NDC-SOLES
0.865539,pubmed-22046307,NDC-SOLES
0.068439,pubmed-22061800,NDC-SOLES
0.987661,pubmed-22067669,NDC-SOLES
0.028288,pubmed-22096566,NDC-SOLES
0.198734,pubmed-22103913,NDC-SOLES
0.064768,pubmed-22108610,NDC-SOLES
0.240967,pubmed-22114697,NDC-SOLES
0.974006,pubmed-22119903,NDC-SOLES
0.831526,pubmed-22127389,NDC-SOLES
0.124888,pubmed-22134901,NDC-SOLES
0.040215,pubmed-22143495,NDC-SOLES
0.87131,pubmed-22153375,NDC-SOLES
0.101857,pubmed-22155743,NDC-SOLES
0.091213,pubmed-22183833,NDC-SOLES
0.908247,pubmed-22186023,NDC-SOLES
0.930669,pubmed-22194327,NDC-SOLES
0.942705,pubmed-22215440,NDC-SOLES
0.080515,pubmed-22227207,NDC-SOLES
0.078041,pubmed-22227564,NDC-SOLES
0.95608,pubmed-22231481,NDC-SOLES
0.991458,pubmed-22249109,NDC-SOLES
0.225576,pubmed-22253774,NDC-SOLES
0.124873,pubmed-22254422,NDC-SOLES
0.2549,pubmed-22260342,NDC-SOLES
0.411044,pubmed-22261249,NDC-SOLES
0.039884,pubmed-22262939,NDC-SOLES
0.976289,pubmed-22265702,NDC-SOLES
0.104017,pubmed-22275253,NDC-SOLES
0.037866,pubmed-22281279,NDC-SOLES
0.130937,pubmed-22328498,NDC-SOLES
0.875607,pubmed-22343140,NDC-SOLES
0.046147,pubmed-22352423,NDC-SOLES
0.169262,pubmed-22353430,NDC-SOLES
0.051161,pubmed-22354748,NDC-SOLES
0.88137,pubmed-22355564,NDC-SOLES
0.131547,pubmed-22363643,NDC-SOLES
0.031158,pubmed-22371771,NDC-SOLES
0.985365,pubmed-22378884,NDC-SOLES
0.891939,pubmed-22381732,NDC-SOLES
0.164381,pubmed-22401813,NDC-SOLES
0.906359,pubmed-22412993,NDC-SOLES
0.120188,pubmed-22437320,NDC-SOLES
0.184996,pubmed-22442800,NDC-SOLES
0.04139,pubmed-22458630,NDC-SOLES
0.899186,pubmed-22500629,NDC-SOLES
0.85963,pubmed-22508465,NDC-SOLES
0.898967,pubmed-22539951,NDC-SOLES
0.032407,pubmed-22542773,NDC-SOLES
0.034963,pubmed-22542945,NDC-SOLES
0.277693,pubmed-22578008,NDC-SOLES
0.247224,pubmed-22612501,NDC-SOLES
0.352567,pubmed-22623674,NDC-SOLES
0.907208,pubmed-22633921,NDC-SOLES
0.024441,pubmed-22681976,NDC-SOLES
0.230623,pubmed-22683290,NDC-SOLES
0.083408,pubmed-22688403,NDC-SOLES
0.978723,pubmed-22699619,NDC-SOLES
0.958297,pubmed-22699620,NDC-SOLES
0.847111,pubmed-22700469,NDC-SOLES
0.210539,pubmed-22762267,NDC-SOLES
0.964477,pubmed-22763451,NDC-SOLES
0.890984,pubmed-22806213,NDC-SOLES
0.131683,pubmed-22807655,NDC-SOLES
0.837774,pubmed-22817866,NDC-SOLES
0.953674,pubmed-22820233,NDC-SOLES
0.240438,pubmed-22857010,NDC-SOLES
0.050749,pubmed-22882455,NDC-SOLES
0.774159,pubmed-22900024,NDC-SOLES
0.042965,pubmed-22902993,NDC-SOLES
0.962903,pubmed-22914087,NDC-SOLES
0.070388,pubmed-22915787,NDC-SOLES
0.95739,pubmed-22916201,NDC-SOLES
0.882546,pubmed-22956686,NDC-SOLES
0.111636,pubmed-22967502,NDC-SOLES
0.979821,pubmed-22983708,NDC-SOLES
0.134449,pubmed-22986076,NDC-SOLES
0.127304,pubmed-22986535,NDC-SOLES
0.929363,pubmed-22989184,NDC-SOLES
0.199566,pubmed-22992283,NDC-SOLES
0.305838,pubmed-23000143,NDC-SOLES
0.280726,pubmed-23006485,NDC-SOLES
0.094513,pubmed-23009755,NDC-SOLES
0.981288,pubmed-23026749,NDC-SOLES
0.140812,pubmed-23056544,NDC-SOLES
0.145391,pubmed-23068606,NDC-SOLES
0.287176,pubmed-23081885,NDC-SOLES
0.97156,pubmed-23083736,NDC-SOLES
0.816045,pubmed-23097495,NDC-SOLES
0.116047,pubmed-23102120,NDC-SOLES
0.062219,pubmed-23103215,NDC-SOLES
0.195358,pubmed-23114210,NDC-SOLES
0.97277,pubmed-23123587,NDC-SOLES
0.22347,pubmed-23135913,NDC-SOLES
0.075116,pubmed-23136191,NDC-SOLES
0.564896,pubmed-23136410,NDC-SOLES
0.947599,pubmed-23141534,NDC-SOLES
0.117373,pubmed-23141548,NDC-SOLES
0.146792,pubmed-23152497,NDC-SOLES
0.932024,pubmed-23153818,NDC-SOLES
0.194469,pubmed-23155407,NDC-SOLES
0.896507,pubmed-23159330,NDC-SOLES
0.88377,pubmed-23175819,NDC-SOLES
0.32058,pubmed-23195424,NDC-SOLES
0.059197,pubmed-23201256,NDC-SOLES
0.895816,pubmed-23220633,NDC-SOLES
0.97321,pubmed-23227269,NDC-SOLES
0.316478,pubmed-23234723,NDC-SOLES
0.960834,pubmed-23236174,NDC-SOLES
0.923231,pubmed-23250422,NDC-SOLES
0.79921,pubmed-23268962,NDC-SOLES
0.975606,pubmed-23280234,NDC-SOLES
0.685775,pubmed-23298182,NDC-SOLES
0.096871,pubmed-23318275,NDC-SOLES
0.09048,pubmed-23338840,NDC-SOLES
0.533547,pubmed-23348913,NDC-SOLES
0.83884,pubmed-23349049,NDC-SOLES
0.318309,pubmed-23351095,NDC-SOLES
0.084633,pubmed-23385064,NDC-SOLES
0.113487,pubmed-23407966,NDC-SOLES
0.284321,pubmed-23408872,NDC-SOLES
0.255464,pubmed-23413037,NDC-SOLES
0.108675,pubmed-23415649,NDC-SOLES
0.382588,pubmed-23417928,NDC-SOLES
0.856236,pubmed-23436049,NDC-SOLES
0.881393,pubmed-23441094,NDC-SOLES
0.8806,pubmed-23451101,NDC-SOLES
0.0413,pubmed-23456787,NDC-SOLES
0.118605,pubmed-23463102,NDC-SOLES
0.060386,pubmed-23479461,NDC-SOLES
0.909006,pubmed-23487788,NDC-SOLES
0.661235,pubmed-23495194,NDC-SOLES
0.069813,pubmed-23504257,NDC-SOLES
0.986069,pubmed-23509247,NDC-SOLES
0.214055,pubmed-23533179,NDC-SOLES
0.940717,pubmed-23541496,NDC-SOLES
0.879045,pubmed-23549079,NDC-SOLES
0.074418,pubmed-23565217,NDC-SOLES
0.933338,pubmed-23621888,NDC-SOLES
0.128126,pubmed-23624058,NDC-SOLES
0.067328,pubmed-23649988,NDC-SOLES
0.0402,pubmed-23656528,NDC-SOLES
0.97439,pubmed-23660195,NDC-SOLES
0.947724,pubmed-23664552,NDC-SOLES
0.322436,pubmed-23683874,NDC-SOLES
0.127514,pubmed-23692689,NDC-SOLES
0.836867,pubmed-23703963,NDC-SOLES
0.235108,pubmed-23707736,NDC-SOLES
0.234112,pubmed-23707903,NDC-SOLES
0.137319,pubmed-23708654,NDC-SOLES
0.034244,pubmed-23759119,NDC-SOLES
0.733068,pubmed-23760474,NDC-SOLES
0.881003,pubmed-23761734,NDC-SOLES
0.176073,pubmed-23762501,NDC-SOLES
0.051778,pubmed-23769173,NDC-SOLES
0.407476,pubmed-23800157,NDC-SOLES
0.173014,pubmed-23824559,NDC-SOLES
0.079083,pubmed-23825654,NDC-SOLES
0.815936,pubmed-23831965,NDC-SOLES
0.086151,pubmed-23850245,NDC-SOLES
0.044718,pubmed-23867009,NDC-SOLES
0.096908,pubmed-23867821,NDC-SOLES
0.065928,pubmed-23896513,NDC-SOLES
0.153971,pubmed-23917518,NDC-SOLES
0.484191,pubmed-23926248,NDC-SOLES
0.964047,pubmed-23941202,NDC-SOLES
0.069426,pubmed-23949207,NDC-SOLES
0.967433,pubmed-23968838,NDC-SOLES
0.192219,pubmed-23973221,NDC-SOLES
0.097894,pubmed-23973607,NDC-SOLES
0.115068,pubmed-23978468,NDC-SOLES
0.138201,pubmed-23983092,NDC-SOLES
0.290175,pubmed-23990902,NDC-SOLES
0.056649,pubmed-24001591,NDC-SOLES
0.261663,pubmed-24012418,NDC-SOLES
0.28468,pubmed-24023755,NDC-SOLES
0.902446,pubmed-24035762,NDC-SOLES
0.235654,pubmed-24036472,NDC-SOLES
0.194189,pubmed-24038377,NDC-SOLES
0.057119,pubmed-24076348,NDC-SOLES
0.165424,pubmed-24095879,NDC-SOLES
0.197351,pubmed-24101472,NDC-SOLES
0.074226,pubmed-24102621,NDC-SOLES
0.042531,pubmed-24107461,NDC-SOLES
0.04262,pubmed-24117347,NDC-SOLES
0.162007,pubmed-24126255,NDC-SOLES
0.056552,pubmed-24129198,NDC-SOLES
0.183114,pubmed-24140242,NDC-SOLES
0.035191,pubmed-24146019,NDC-SOLES
0.12335,pubmed-24163395,NDC-SOLES
0.034996,pubmed-24205314,NDC-SOLES
0.812014,pubmed-24207121,NDC-SOLES
0.852401,pubmed-24211371,NDC-SOLES
0.873253,pubmed-24211452,NDC-SOLES
0.186578,pubmed-24258210,NDC-SOLES
0.96975,pubmed-24259569,NDC-SOLES
0.223116,pubmed-24259590,NDC-SOLES
0.117278,pubmed-24266544,NDC-SOLES
0.081556,pubmed-24269780,NDC-SOLES
0.125892,pubmed-24278749,NDC-SOLES
0.54381,pubmed-24295733,NDC-SOLES
0.037788,pubmed-24305720,NDC-SOLES
0.945703,pubmed-24312033,NDC-SOLES
0.882482,pubmed-24312227,NDC-SOLES
0.098851,pubmed-24322661,NDC-SOLES
0.012995,pubmed-24338564,NDC-SOLES
0.802017,pubmed-24358452,NDC-SOLES
0.043515,pubmed-24361846,NDC-SOLES
0.486365,pubmed-24363064,NDC-SOLES
0.113585,pubmed-24368132,NDC-SOLES
0.120075,pubmed-24374484,NDC-SOLES
0.071731,pubmed-24379110,NDC-SOLES
0.108423,pubmed-24390566,NDC-SOLES
0.149416,pubmed-24406746,NDC-SOLES
0.892605,pubmed-24413569,NDC-SOLES
0.08295,pubmed-24440430,NDC-SOLES
0.94191,pubmed-24441682,NDC-SOLES
0.049922,pubmed-24441871,NDC-SOLES
0.059783,pubmed-24444667,NDC-SOLES
0.877731,pubmed-24465979,NDC-SOLES
0.442069,pubmed-24477985,NDC-SOLES
0.926961,pubmed-24493647,NDC-SOLES
0.945018,pubmed-24497577,NDC-SOLES
0.841306,pubmed-24503856,NDC-SOLES
0.078387,pubmed-24505399,NDC-SOLES
0.123132,pubmed-24516629,NDC-SOLES
0.386443,pubmed-24553919,NDC-SOLES
0.737565,pubmed-24563821,NDC-SOLES
0.595855,pubmed-24598713,NDC-SOLES
0.235875,pubmed-24607885,NDC-SOLES
0.154046,pubmed-24610700,NDC-SOLES
0.907844,pubmed-24639487,NDC-SOLES
0.085733,pubmed-24659129,NDC-SOLES
0.956247,pubmed-24681195,NDC-SOLES
0.098496,pubmed-24700193,NDC-SOLES
0.142273,pubmed-24709680,NDC-SOLES
0.795551,pubmed-24726472,NDC-SOLES
0.242642,pubmed-24736721,NDC-SOLES
0.927324,pubmed-24773431,NDC-SOLES
0.290086,pubmed-24795221,NDC-SOLES
0.137358,pubmed-24798517,NDC-SOLES
0.110019,pubmed-24798796,NDC-SOLES
0.21183,pubmed-24810321,NDC-SOLES
0.315279,pubmed-24819347,NDC-SOLES
0.064705,pubmed-24819961,NDC-SOLES
0.175026,pubmed-24845176,NDC-SOLES
0.109964,pubmed-24849330,NDC-SOLES
0.122686,pubmed-24852577,NDC-SOLES
0.806642,pubmed-24857653,NDC-SOLES
0.255313,pubmed-24866706,NDC-SOLES
0.151831,pubmed-24884696,NDC-SOLES
0.147685,pubmed-24886391,NDC-SOLES
0.247462,pubmed-24895580,NDC-SOLES
0.046527,pubmed-24949720,NDC-SOLES
0.933281,pubmed-24970834,NDC-SOLES
0.125197,pubmed-24974692,NDC-SOLES
0.931753,pubmed-24995986,NDC-SOLES
0.93232,pubmed-24998929,NDC-SOLES
0.281685,pubmed-25011527,NDC-SOLES
0.162458,pubmed-25018042,NDC-SOLES
0.018708,pubmed-25028260,NDC-SOLES
0.201008,pubmed-25041985,NDC-SOLES
0.156161,pubmed-25054635,NDC-SOLES
0.068911,pubmed-25059475,NDC-SOLES
0.494519,pubmed-25061506,NDC-SOLES
0.245756,pubmed-25069822,NDC-SOLES
0.913463,pubmed-25088363,NDC-SOLES
0.479189,pubmed-25109237,NDC-SOLES
0.250061,pubmed-25117540,NDC-SOLES
0.064984,pubmed-25120202,NDC-SOLES
0.1664,pubmed-25133067,NDC-SOLES
0.437327,pubmed-25134682,NDC-SOLES
0.049438,pubmed-25136295,NDC-SOLES
0.919216,pubmed-25144834,NDC-SOLES
0.885002,pubmed-25154505,NDC-SOLES
0.965559,pubmed-25155956,NDC-SOLES
0.093406,pubmed-25159139,NDC-SOLES
0.232416,pubmed-25180573,NDC-SOLES
0.103761,pubmed-25195598,NDC-SOLES
0.470063,pubmed-25196215,NDC-SOLES
0.945907,pubmed-25198012,NDC-SOLES
0.357829,pubmed-25203062,NDC-SOLES
0.123676,pubmed-25229720,NDC-SOLES
0.968429,pubmed-25237666,NDC-SOLES
0.87495,pubmed-25242307,NDC-SOLES
0.243112,pubmed-25249466,NDC-SOLES
0.946549,pubmed-25266127,NDC-SOLES
0.120682,pubmed-25274607,NDC-SOLES
0.264796,pubmed-25278250,NDC-SOLES
0.043546,pubmed-25280786,NDC-SOLES
0.186235,pubmed-25282336,NDC-SOLES
0.834013,pubmed-25288137,NDC-SOLES
0.828473,pubmed-25294932,NDC-SOLES
0.808967,pubmed-25299392,NDC-SOLES
0.125955,pubmed-25317690,NDC-SOLES
0.159689,pubmed-25352624,NDC-SOLES
0.451941,pubmed-25352779,NDC-SOLES
0.161178,pubmed-25380697,NDC-SOLES
0.08526,pubmed-25401971,NDC-SOLES
0.232239,pubmed-25416276,NDC-SOLES
0.956138,pubmed-25420124,NDC-SOLES
0.960204,pubmed-25423136,NDC-SOLES
0.13844,pubmed-25425100,NDC-SOLES
0.942818,pubmed-25444158,NDC-SOLES
0.121597,pubmed-25447297,NDC-SOLES
0.788647,pubmed-25451118,NDC-SOLES
0.859469,pubmed-25484298,NDC-SOLES
0.861646,pubmed-25485098,NDC-SOLES
0.029813,pubmed-25495444,NDC-SOLES
0.171821,pubmed-25511699,NDC-SOLES
0.798211,pubmed-25519132,NDC-SOLES
0.088603,pubmed-25533034,NDC-SOLES
0.863812,pubmed-25533347,NDC-SOLES
0.893756,pubmed-25556659,NDC-SOLES
0.938484,pubmed-25561290,NDC-SOLES
0.948509,pubmed-25568131,NDC-SOLES
0.062035,pubmed-25586771,NDC-SOLES
0.11328,pubmed-25608112,NDC-SOLES
0.694465,pubmed-25609613,NDC-SOLES
0.127487,pubmed-25627799,NDC-SOLES
0.271798,pubmed-25629734,NDC-SOLES
0.125846,pubmed-25636876,NDC-SOLES
0.950785,pubmed-25646590,NDC-SOLES
0.0812,pubmed-25647637,NDC-SOLES
0.039123,pubmed-25681535,NDC-SOLES
0.794776,pubmed-25693964,NDC-SOLES
0.227255,pubmed-25694335,NDC-SOLES
0.190606,pubmed-25744401,NDC-SOLES
0.956825,pubmed-25745399,NDC-SOLES
0.055529,pubmed-25745860,NDC-SOLES
0.121217,pubmed-25772164,NDC-SOLES
0.153527,pubmed-25788692,NDC-SOLES
0.145347,pubmed-25796567,NDC-SOLES
0.898496,pubmed-25804740,NDC-SOLES
0.035211,pubmed-25806467,NDC-SOLES
0.902899,pubmed-25807484,NDC-SOLES
0.491252,pubmed-25811370,NDC-SOLES
0.939524,pubmed-25816842,NDC-SOLES
0.120169,pubmed-25829446,NDC-SOLES
0.07895,pubmed-25843668,NDC-SOLES
0.975221,pubmed-25882707,NDC-SOLES
0.099122,pubmed-25884016,NDC-SOLES
0.246055,pubmed-25891414,NDC-SOLES
0.12584,pubmed-25892183,NDC-SOLES
0.140024,pubmed-25909163,NDC-SOLES
0.913706,pubmed-25935478,NDC-SOLES
0.910484,pubmed-25937288,NDC-SOLES
0.157118,pubmed-25943585,NDC-SOLES
0.872713,pubmed-25948754,NDC-SOLES
0.822222,pubmed-25981743,NDC-SOLES
0.18013,pubmed-25985793,NDC-SOLES
0.1599,pubmed-25988861,NDC-SOLES
0.130161,pubmed-26002626,NDC-SOLES
0.952658,pubmed-26017580,NDC-SOLES
0.064843,pubmed-26019015,NDC-SOLES
0.209856,pubmed-26025967,NDC-SOLES
0.968539,pubmed-26027926,NDC-SOLES
0.144631,pubmed-26032619,NDC-SOLES
0.141277,pubmed-26042820,NDC-SOLES
0.930858,pubmed-26066718,NDC-SOLES
0.171225,pubmed-26072265,NDC-SOLES
0.838569,pubmed-26072958,NDC-SOLES
0.981435,pubmed-26110222,NDC-SOLES
0.893134,pubmed-26117713,NDC-SOLES
0.963726,pubmed-26134648,NDC-SOLES
0.937952,pubmed-26158416,NDC-SOLES
0.938986,pubmed-26166566,NDC-SOLES
0.872018,pubmed-26201245,NDC-SOLES
0.050808,pubmed-26244502,NDC-SOLES
0.734697,pubmed-26272820,NDC-SOLES
0.824599,pubmed-26286618,NDC-SOLES
0.483414,pubmed-26291160,NDC-SOLES
0.827916,pubmed-26291161,NDC-SOLES
0.079785,pubmed-26297531,NDC-SOLES
0.617026,pubmed-26300453,NDC-SOLES
0.031946,pubmed-26321151,NDC-SOLES
0.909169,pubmed-26321676,NDC-SOLES
0.229953,pubmed-26329935,NDC-SOLES
0.848913,pubmed-26333994,NDC-SOLES
0.060291,pubmed-26352929,NDC-SOLES
0.096535,pubmed-26354164,NDC-SOLES
0.138746,pubmed-26361857,NDC-SOLES
0.3825,pubmed-26365303,NDC-SOLES
0.894757,pubmed-26427907,NDC-SOLES
0.244586,pubmed-26442967,NDC-SOLES
0.030805,pubmed-26445953,NDC-SOLES
0.138237,pubmed-26468200,NDC-SOLES
0.208568,pubmed-26471361,NDC-SOLES
0.510132,pubmed-26477937,NDC-SOLES
0.249426,pubmed-26482541,NDC-SOLES
0.070855,pubmed-26484695,NDC-SOLES
0.834588,pubmed-26494785,NDC-SOLES
0.953134,pubmed-26515654,NDC-SOLES
0.935244,pubmed-26538449,NDC-SOLES
0.094357,pubmed-26541756,NDC-SOLES
0.959176,pubmed-26558778,NDC-SOLES
0.991658,pubmed-26559786,NDC-SOLES
0.182413,pubmed-26582750,NDC-SOLES
0.978435,pubmed-26590342,NDC-SOLES
0.072298,pubmed-26598023,NDC-SOLES
0.970671,pubmed-26605526,NDC-SOLES
0.148569,pubmed-26681532,NDC-SOLES
0.988338,pubmed-26687841,NDC-SOLES
0.237302,pubmed-26690566,NDC-SOLES
0.150452,pubmed-26697878,NDC-SOLES
0.880519,pubmed-26733529,NDC-SOLES
0.986195,pubmed-26733807,NDC-SOLES
0.29803,pubmed-26744324,NDC-SOLES
0.058561,pubmed-26768400,NDC-SOLES
0.055029,pubmed-26771440,NDC-SOLES
0.094793,pubmed-26774030,NDC-SOLES
0.899074,pubmed-26782054,NDC-SOLES
0.138613,pubmed-26800876,NDC-SOLES
0.442583,pubmed-26819276,NDC-SOLES
0.871226,pubmed-26847545,NDC-SOLES
0.944137,pubmed-26865403,NDC-SOLES
0.040275,pubmed-26876275,NDC-SOLES
0.085981,pubmed-26883214,NDC-SOLES
0.990135,pubmed-26886798,NDC-SOLES
0.311006,pubmed-26893121,NDC-SOLES
0.32616,pubmed-26907807,NDC-SOLES
0.856998,pubmed-26908602,NDC-SOLES
0.064373,pubmed-26924933,NDC-SOLES
0.142373,pubmed-26931373,NDC-SOLES
0.118808,pubmed-26940972,NDC-SOLES
0.851767,pubmed-26942287,NDC-SOLES
0.02391,pubmed-26944438,NDC-SOLES
0.15309,pubmed-26949108,NDC-SOLES
0.146404,pubmed-26982567,NDC-SOLES
0.083004,pubmed-26983878,NDC-SOLES
0.100071,pubmed-26984280,NDC-SOLES
0.915563,pubmed-27007844,NDC-SOLES
0.054953,pubmed-27010367,NDC-SOLES
0.035412,pubmed-27012990,NDC-SOLES
0.315649,pubmed-27015604,NDC-SOLES
0.91091,pubmed-27021170,NDC-SOLES
0.894518,pubmed-27030752,NDC-SOLES
0.250963,pubmed-27058611,NDC-SOLES
0.088753,pubmed-27064279,NDC-SOLES
0.162694,pubmed-27076172,NDC-SOLES
0.325421,pubmed-27080240,NDC-SOLES
0.084415,pubmed-27107344,NDC-SOLES
0.824538,pubmed-27131348,NDC-SOLES
0.152023,pubmed-27142139,NDC-SOLES
0.101689,pubmed-27151262,NDC-SOLES
0.954552,pubmed-27161151,NDC-SOLES
0.054882,pubmed-27162482,NDC-SOLES
0.050298,pubmed-27178815,NDC-SOLES
0.097504,pubmed-27198666,NDC-SOLES
0.061004,pubmed-27207279,NDC-SOLES
0.794989,pubmed-27229316,NDC-SOLES
0.801279,pubmed-27263037,NDC-SOLES
0.478835,pubmed-27277807,NDC-SOLES
0.991073,pubmed-27293187,NDC-SOLES
0.112863,pubmed-27295498,NDC-SOLES
0.064876,pubmed-27301702,NDC-SOLES
0.926623,pubmed-27313794,NDC-SOLES
0.07489,pubmed-27322458,NDC-SOLES
0.909362,pubmed-27325115,NDC-SOLES
0.899131,pubmed-27329765,NDC-SOLES
0.90917,pubmed-27335463,NDC-SOLES
0.068401,pubmed-27339730,NDC-SOLES
0.150492,pubmed-27353968,NDC-SOLES
0.365833,pubmed-27354901,NDC-SOLES
0.92024,pubmed-27365498,NDC-SOLES
0.050932,pubmed-27402431,NDC-SOLES
0.197826,pubmed-27419661,NDC-SOLES
0.155793,pubmed-27427471,NDC-SOLES
0.875514,pubmed-27436578,NDC-SOLES
0.92497,pubmed-27453576,NDC-SOLES
0.942347,pubmed-27459725,NDC-SOLES
0.097185,pubmed-27469022,NDC-SOLES
0.576864,pubmed-27472223,NDC-SOLES
0.847871,pubmed-27485686,NDC-SOLES
0.78814,pubmed-27488351,NDC-SOLES
0.991682,pubmed-27492494,NDC-SOLES
0.84602,pubmed-27510895,NDC-SOLES
0.11891,pubmed-27515288,NDC-SOLES
0.02591,pubmed-27517478,NDC-SOLES
0.016713,pubmed-27522536,NDC-SOLES
0.948346,pubmed-27544825,NDC-SOLES
0.932179,pubmed-27568567,NDC-SOLES
0.085074,pubmed-27571575,NDC-SOLES
0.976587,pubmed-27602517,NDC-SOLES
0.326425,pubmed-27609886,NDC-SOLES
0.072031,pubmed-27663687,NDC-SOLES
0.962431,pubmed-27668656,NDC-SOLES
0.033465,pubmed-27688705,NDC-SOLES
0.913791,pubmed-27694995,NDC-SOLES
0.055364,pubmed-27706422,NDC-SOLES
0.078152,pubmed-27721485,NDC-SOLES
0.031369,pubmed-27755961,NDC-SOLES
0.405974,pubmed-27760390,NDC-SOLES
0.300766,pubmed-27768878,NDC-SOLES
0.948904,pubmed-27779093,NDC-SOLES
0.175288,pubmed-27782803,NDC-SOLES
0.053491,pubmed-27794094,NDC-SOLES
0.835691,pubmed-27812326,NDC-SOLES
0.839538,pubmed-27819284,NDC-SOLES
0.84771,pubmed-27823858,NDC-SOLES
0.176179,pubmed-27835684,NDC-SOLES
0.098517,pubmed-27837108,NDC-SOLES
0.786151,pubmed-27864380,NDC-SOLES
0.02827,pubmed-27871891,NDC-SOLES
0.104502,pubmed-27873002,NDC-SOLES
0.124099,pubmed-27874262,NDC-SOLES
0.287534,pubmed-27876639,NDC-SOLES
0.18334,pubmed-27879032,NDC-SOLES
0.157452,pubmed-27893847,NDC-SOLES
0.950939,pubmed-27903723,NDC-SOLES
0.11327,pubmed-27903752,NDC-SOLES
0.068851,pubmed-27905510,NDC-SOLES
0.106164,pubmed-27906019,NDC-SOLES
0.876237,pubmed-27912058,NDC-SOLES
0.057989,pubmed-27914789,NDC-SOLES
0.157847,pubmed-27914975,NDC-SOLES
0.072695,pubmed-27935101,NDC-SOLES
0.198541,pubmed-27941795,NDC-SOLES
0.098967,pubmed-27959866,NDC-SOLES
0.067107,pubmed-27992429,NDC-SOLES
0.045426,pubmed-28002487,NDC-SOLES
0.292709,pubmed-28007902,NDC-SOLES
0.767208,pubmed-28032012,NDC-SOLES
0.230733,pubmed-28062175,NDC-SOLES
0.104406,pubmed-28063931,NDC-SOLES
0.128079,pubmed-28082352,NDC-SOLES
0.020106,pubmed-28088493,NDC-SOLES
0.110834,pubmed-28088684,NDC-SOLES
0.341916,pubmed-28093554,NDC-SOLES
0.124239,pubmed-28097474,NDC-SOLES
0.884414,pubmed-28114293,NDC-SOLES
0.864428,pubmed-28119500,NDC-SOLES
0.082439,pubmed-28123348,NDC-SOLES
0.816705,pubmed-28137836,NDC-SOLES
0.766464,pubmed-28137877,NDC-SOLES
0.954054,pubmed-28139198,NDC-SOLES
0.078481,pubmed-28148272,NDC-SOLES
0.047081,pubmed-28165066,NDC-SOLES
0.867631,pubmed-28165338,NDC-SOLES
0.874243,pubmed-28173139,NDC-SOLES
0.159313,pubmed-28176624,NDC-SOLES
0.918133,pubmed-28184409,NDC-SOLES
0.771335,pubmed-28191889,NDC-SOLES
0.079684,pubmed-28222512,NDC-SOLES
0.17197,pubmed-28239767,NDC-SOLES
0.187848,pubmed-28266561,NDC-SOLES
0.064184,pubmed-28281184,NDC-SOLES
0.159872,pubmed-28282235,NDC-SOLES
0.949275,pubmed-28288114,NDC-SOLES
0.869569,pubmed-28297715,NDC-SOLES
0.101045,pubmed-28301380,NDC-SOLES
0.292263,pubmed-28320269,NDC-SOLES
0.960488,pubmed-28323282,NDC-SOLES
0.146407,pubmed-28341640,NDC-SOLES
0.054082,pubmed-28367124,NDC-SOLES
0.027733,pubmed-28372633,NDC-SOLES
0.627381,pubmed-28374847,NDC-SOLES
0.150503,pubmed-28376309,NDC-SOLES
0.933768,pubmed-28385162,NDC-SOLES
0.11139,pubmed-28388948,NDC-SOLES
0.052268,pubmed-28389999,NDC-SOLES
0.984164,pubmed-28402856,NDC-SOLES
0.038877,pubmed-28407783,NDC-SOLES
0.074183,pubmed-28412310,NDC-SOLES
0.867619,pubmed-28416808,NDC-SOLES
0.057189,pubmed-28418888,NDC-SOLES
0.22631,pubmed-28432873,NDC-SOLES
0.09775,pubmed-28439461,NDC-SOLES
0.025572,pubmed-28445388,NDC-SOLES
0.903222,pubmed-28445732,NDC-SOLES
0.368813,pubmed-28448061,NDC-SOLES
0.121705,pubmed-28453222,NDC-SOLES
0.291934,pubmed-28455369,NDC-SOLES
0.934436,pubmed-28465421,NDC-SOLES
0.078933,pubmed-28483592,NDC-SOLES
0.107846,pubmed-28508204,NDC-SOLES
0.46324,pubmed-28513774,NDC-SOLES
0.128037,pubmed-28555070,NDC-SOLES
0.052902,pubmed-28564587,NDC-SOLES
0.041791,pubmed-28576733,NDC-SOLES
0.084818,pubmed-28576854,NDC-SOLES
0.109458,pubmed-28632203,NDC-SOLES
0.088553,pubmed-28669662,NDC-SOLES
0.06362,pubmed-28671246,NDC-SOLES
0.962707,pubmed-28671691,NDC-SOLES
0.975076,pubmed-28674175,NDC-SOLES
0.070777,pubmed-28681918,NDC-SOLES
0.118806,pubmed-28686793,NDC-SOLES
0.844182,pubmed-28695822,NDC-SOLES
0.9206,pubmed-28696432,NDC-SOLES
0.023043,pubmed-28697972,NDC-SOLES
0.085931,pubmed-28716963,NDC-SOLES
0.817745,pubmed-28724954,NDC-SOLES
0.981021,pubmed-28753255,NDC-SOLES
0.265479,pubmed-28758209,NDC-SOLES
0.899455,pubmed-28760966,NDC-SOLES
0.2708,pubmed-28762254,NDC-SOLES
0.102675,pubmed-28777058,NDC-SOLES
0.096833,pubmed-28785288,NDC-SOLES
0.98247,pubmed-28795135,NDC-SOLES
0.949132,pubmed-28813484,NDC-SOLES
0.089573,pubmed-28819903,NDC-SOLES
0.314364,pubmed-28821669,NDC-SOLES
0.892685,pubmed-28823556,NDC-SOLES
0.9811,pubmed-28829283,NDC-SOLES
0.112843,pubmed-28840054,NDC-SOLES
0.26501,pubmed-28852125,NDC-SOLES
0.394348,pubmed-28854222,NDC-SOLES
0.770242,pubmed-28859103,NDC-SOLES
0.053405,pubmed-28860984,NDC-SOLES
0.150234,pubmed-28865486,NDC-SOLES
0.979636,pubmed-28867767,NDC-SOLES
0.048341,pubmed-28888922,NDC-SOLES
0.127522,pubmed-28890778,NDC-SOLES
0.923468,pubmed-28894415,NDC-SOLES
0.0361,pubmed-28901428,NDC-SOLES
0.066896,pubmed-28902710,NDC-SOLES
0.961808,pubmed-28915148,NDC-SOLES
0.946231,pubmed-28921675,NDC-SOLES
0.951257,pubmed-28921757,NDC-SOLES
0.160194,pubmed-28921898,NDC-SOLES
0.931825,pubmed-28922833,NDC-SOLES
0.559879,pubmed-28928363,NDC-SOLES
0.840772,pubmed-28932379,NDC-SOLES
0.921517,pubmed-28948974,NDC-SOLES
0.832878,pubmed-28958035,NDC-SOLES
0.057825,pubmed-28960670,NDC-SOLES
0.098255,pubmed-28972046,NDC-SOLES
0.05052,pubmed-28973338,NDC-SOLES
0.957405,pubmed-28978667,NDC-SOLES
0.947573,pubmed-28993314,NDC-SOLES
0.900399,pubmed-29019980,NDC-SOLES
0.102995,pubmed-29021759,NDC-SOLES
0.941749,pubmed-29021890,NDC-SOLES
0.955656,pubmed-29028156,NDC-SOLES
0.139094,pubmed-29028826,NDC-SOLES
0.248665,pubmed-29035307,NDC-SOLES
0.493333,pubmed-29049287,NDC-SOLES
0.892074,pubmed-29052348,NDC-SOLES
0.080114,pubmed-29071012,NDC-SOLES
0.155804,pubmed-29073181,NDC-SOLES
0.891004,pubmed-29079819,NDC-SOLES
0.773842,pubmed-29086765,NDC-SOLES
0.774158,pubmed-29088697,NDC-SOLES
0.069542,pubmed-29101799,NDC-SOLES
0.12315,pubmed-29105069,NDC-SOLES
0.95109,pubmed-29133852,NDC-SOLES
0.122259,pubmed-29138107,NDC-SOLES
0.097787,pubmed-29142171,NDC-SOLES
0.07028,pubmed-29152770,NDC-SOLES
0.92479,pubmed-29184200,NDC-SOLES
0.900323,pubmed-29184203,NDC-SOLES
0.269642,pubmed-29203851,NDC-SOLES
0.838493,pubmed-29217155,NDC-SOLES
0.049769,pubmed-29254219,NDC-SOLES
0.948256,pubmed-29286317,NDC-SOLES
0.833197,pubmed-29288796,NDC-SOLES
0.186494,pubmed-29288874,NDC-SOLES
0.343922,pubmed-29297264,NDC-SOLES
0.529856,pubmed-29311892,NDC-SOLES
0.894997,pubmed-29317220,NDC-SOLES
0.11339,pubmed-29330041,NDC-SOLES
0.962308,pubmed-29358017,NDC-SOLES
0.251056,pubmed-29360992,NDC-SOLES
0.901375,pubmed-29367010,NDC-SOLES
0.941266,pubmed-29377611,NDC-SOLES
0.260898,pubmed-29377906,NDC-SOLES
0.053265,pubmed-29402324,NDC-SOLES
0.053485,pubmed-29414524,NDC-SOLES
0.089366,pubmed-29417472,NDC-SOLES
0.062718,pubmed-29427595,NDC-SOLES
0.017968,pubmed-29434809,NDC-SOLES
0.033232,pubmed-29436695,NDC-SOLES
0.178986,pubmed-29440992,NDC-SOLES
0.248524,pubmed-29477655,NDC-SOLES
0.847185,pubmed-29481897,NDC-SOLES
0.948112,pubmed-29503190,NDC-SOLES
0.100544,pubmed-29515791,NDC-SOLES
0.115079,pubmed-29518407,NDC-SOLES
0.150115,pubmed-29524569,NDC-SOLES
0.936167,pubmed-29531362,NDC-SOLES
0.798222,pubmed-29538625,NDC-SOLES
0.269541,pubmed-29540737,NDC-SOLES
0.115206,pubmed-29615404,NDC-SOLES
0.101764,pubmed-29617673,NDC-SOLES
0.117752,pubmed-29618778,NDC-SOLES
0.941078,pubmed-29619162,NDC-SOLES
0.146745,pubmed-29637443,NDC-SOLES
0.572693,pubmed-29651330,NDC-SOLES
0.135603,pubmed-29653294,NDC-SOLES
0.068491,pubmed-29655084,NDC-SOLES
0.905229,pubmed-29659809,NDC-SOLES
0.959043,pubmed-29668850,NDC-SOLES
0.118802,pubmed-29702408,NDC-SOLES
0.1129,pubmed-29705977,NDC-SOLES
0.284581,pubmed-29720452,NDC-SOLES
0.800636,pubmed-29738885,NDC-SOLES
0.902768,pubmed-29739816,NDC-SOLES
0.053654,pubmed-29751999,NDC-SOLES
0.196053,pubmed-29754170,NDC-SOLES
0.071625,pubmed-29758348,NDC-SOLES
0.044524,pubmed-29765321,NDC-SOLES
0.939424,pubmed-29772390,NDC-SOLES
0.017198,pubmed-29777902,NDC-SOLES
0.062425,pubmed-29785050,NDC-SOLES
0.927159,pubmed-29787855,NDC-SOLES
0.851251,pubmed-29800644,NDC-SOLES
0.887589,pubmed-29802263,NDC-SOLES
0.167926,pubmed-29843233,NDC-SOLES
0.143167,pubmed-29845318,NDC-SOLES
0.377979,pubmed-29858515,NDC-SOLES
0.052202,pubmed-29860390,NDC-SOLES
0.816567,pubmed-29867081,NDC-SOLES
0.375333,pubmed-29867437,NDC-SOLES
0.901458,pubmed-29872062,NDC-SOLES
0.852986,pubmed-29891949,NDC-SOLES
0.392102,pubmed-29898395,NDC-SOLES
0.894007,pubmed-29899064,NDC-SOLES
0.024043,pubmed-29901068,NDC-SOLES
0.099128,pubmed-29913407,NDC-SOLES
0.845103,pubmed-29920279,NDC-SOLES
0.072315,pubmed-29922996,NDC-SOLES
0.90818,pubmed-29933371,NDC-SOLES
0.914687,pubmed-29950161,NDC-SOLES
0.619277,pubmed-29959322,NDC-SOLES
0.038074,pubmed-29965997,NDC-SOLES
0.142314,pubmed-29967385,NDC-SOLES
0.95755,pubmed-29970986,NDC-SOLES
0.93492,pubmed-29970987,NDC-SOLES
0.88848,pubmed-29970989,NDC-SOLES
0.311554,pubmed-29973868,NDC-SOLES
0.943892,pubmed-29977282,NDC-SOLES
0.81728,pubmed-30013074,NDC-SOLES
0.047242,pubmed-30017425,NDC-SOLES
0.063095,pubmed-30027364,NDC-SOLES
0.072508,pubmed-30057682,NDC-SOLES
0.897606,pubmed-30093665,NDC-SOLES
0.945088,pubmed-30104731,NDC-SOLES
0.953881,pubmed-30106381,NDC-SOLES
0.076711,pubmed-30167784,NDC-SOLES
0.143829,pubmed-30176550,NDC-SOLES
0.082974,pubmed-30179086,NDC-SOLES
0.084658,pubmed-30179701,NDC-SOLES
0.087891,pubmed-30189537,NDC-SOLES
0.084151,pubmed-30190413,NDC-SOLES
0.87136,pubmed-30201312,NDC-SOLES
0.205638,pubmed-30224498,NDC-SOLES
0.219718,pubmed-30232930,NDC-SOLES
0.16041,pubmed-30257940,NDC-SOLES
0.134785,pubmed-30264294,NDC-SOLES
0.130469,pubmed-30265917,NDC-SOLES
0.956826,pubmed-30275311,NDC-SOLES
0.977672,pubmed-30302388,NDC-SOLES
0.028957,pubmed-30304552,NDC-SOLES
0.923182,pubmed-30304677,NDC-SOLES
0.092806,pubmed-30307084,NDC-SOLES
0.948481,pubmed-30318412,NDC-SOLES
0.062482,pubmed-30327976,NDC-SOLES
0.058826,pubmed-30341733,NDC-SOLES
0.970796,pubmed-30344048,NDC-SOLES
0.114818,pubmed-30401973,NDC-SOLES
0.94467,pubmed-30405356,NDC-SOLES
0.949525,pubmed-30455454,NDC-SOLES
0.916245,pubmed-30455457,NDC-SOLES
0.111845,pubmed-30455992,NDC-SOLES
0.912713,pubmed-30466882,NDC-SOLES
0.827987,pubmed-30472113,NDC-SOLES
0.076772,pubmed-30473350,NDC-SOLES
0.112717,pubmed-30474642,NDC-SOLES
0.098131,pubmed-30483389,NDC-SOLES
0.93399,pubmed-30522820,NDC-SOLES
0.05629,pubmed-30548678,NDC-SOLES
0.688682,pubmed-30556326,NDC-SOLES
0.830511,pubmed-30557783,NDC-SOLES
0.191502,pubmed-30562963,NDC-SOLES
0.288517,pubmed-30564067,NDC-SOLES
0.076673,pubmed-30572093,NDC-SOLES
0.182537,pubmed-30605673,NDC-SOLES
0.927,pubmed-30610205,NDC-SOLES
0.033796,pubmed-30614506,NDC-SOLES
0.215226,pubmed-30618601,NDC-SOLES
0.921026,pubmed-30636904,NDC-SOLES
0.125113,pubmed-30638773,NDC-SOLES
0.144125,pubmed-30644360,NDC-SOLES
0.947103,pubmed-30653853,NDC-SOLES
0.929942,pubmed-30655503,NDC-SOLES
0.931553,pubmed-30664622,NDC-SOLES
0.388683,pubmed-30668980,NDC-SOLES
0.050784,pubmed-30672439,NDC-SOLES
0.094892,pubmed-30676691,NDC-SOLES
0.846367,pubmed-30679017,NDC-SOLES
0.151761,pubmed-30679654,NDC-SOLES
0.075937,pubmed-30682205,NDC-SOLES
0.091819,pubmed-30684388,NDC-SOLES
0.790094,pubmed-30705426,NDC-SOLES
0.940498,pubmed-30705620,NDC-SOLES
0.276339,pubmed-30721447,NDC-SOLES
0.050777,pubmed-30736902,NDC-SOLES
0.092945,pubmed-30763657,NDC-SOLES
0.903743,pubmed-30792833,NDC-SOLES
0.099055,pubmed-30820157,NDC-SOLES
0.951534,pubmed-30831192,NDC-SOLES
0.83356,pubmed-30840899,NDC-SOLES
0.864392,pubmed-30842726,NDC-SOLES
0.891678,pubmed-30843029,NDC-SOLES
0.107716,pubmed-30865561,NDC-SOLES
0.061018,pubmed-30867411,NDC-SOLES
0.080742,pubmed-30873018,NDC-SOLES
0.174209,pubmed-30876754,NDC-SOLES
0.361713,pubmed-30883994,NDC-SOLES
0.064165,pubmed-30888578,NDC-SOLES
0.020135,pubmed-30904920,NDC-SOLES
0.640234,pubmed-30920436,NDC-SOLES
0.113932,pubmed-30939835,NDC-SOLES
0.072606,pubmed-30952062,NDC-SOLES
0.976594,pubmed-30962870,NDC-SOLES
0.933316,pubmed-30973326,NDC-SOLES
0.160836,pubmed-30975723,NDC-SOLES
0.362424,pubmed-31031006,NDC-SOLES
0.381103,pubmed-31045243,NDC-SOLES
0.967592,pubmed-31052177,NDC-SOLES
0.093765,pubmed-31071338,NDC-SOLES
0.080976,pubmed-31087709,NDC-SOLES
0.865369,pubmed-31102767,NDC-SOLES
0.108179,pubmed-31115483,NDC-SOLES
0.943885,pubmed-31119867,NDC-SOLES
0.433094,pubmed-31120883,NDC-SOLES
0.854973,pubmed-31139073,NDC-SOLES
0.059902,pubmed-31146260,NDC-SOLES
0.067576,pubmed-31151986,NDC-SOLES
0.111576,pubmed-31185211,NDC-SOLES
0.9668,pubmed-31201320,NDC-SOLES
0.10015,pubmed-31205552,NDC-SOLES
0.133501,pubmed-31207446,NDC-SOLES
0.921377,pubmed-31240311,NDC-SOLES
0.08944,pubmed-31254843,NDC-SOLES
0.824045,pubmed-31263190,NDC-SOLES
0.162385,pubmed-31269453,NDC-SOLES
0.765916,pubmed-31273723,NDC-SOLES
0.062924,pubmed-31277035,NDC-SOLES
0.879011,pubmed-31285321,NDC-SOLES
0.343054,pubmed-31291551,NDC-SOLES
0.08614,pubmed-31291598,NDC-SOLES
0.326701,pubmed-31318658,NDC-SOLES
0.167556,pubmed-31319723,NDC-SOLES
0.954141,pubmed-31332372,NDC-SOLES
0.232903,pubmed-31336386,NDC-SOLES
0.113043,pubmed-31336728,NDC-SOLES
0.113128,pubmed-31363171,NDC-SOLES
0.070071,pubmed-31382178,NDC-SOLES
0.971491,pubmed-31398341,NDC-SOLES
0.252095,pubmed-31402597,NDC-SOLES
0.059115,pubmed-31409036,NDC-SOLES
0.169352,pubmed-31430407,NDC-SOLES
0.144479,pubmed-31436790,NDC-SOLES
0.963916,pubmed-31455858,NDC-SOLES
0.134587,pubmed-31462266,NDC-SOLES
0.061769,pubmed-31474552,NDC-SOLES
0.973624,pubmed-31501495,NDC-SOLES
0.1238,pubmed-31525509,NDC-SOLES
0.917184,pubmed-31534115,NDC-SOLES
0.21387,pubmed-31537644,NDC-SOLES
0.117903,pubmed-31562951,NDC-SOLES
0.039376,pubmed-31572127,NDC-SOLES
0.043407,pubmed-31581549,NDC-SOLES
0.048668,pubmed-31594465,NDC-SOLES
0.947932,pubmed-31600191,NDC-SOLES
0.784412,pubmed-31611379,NDC-SOLES
0.157731,pubmed-31629736,NDC-SOLES
0.887837,pubmed-31636454,NDC-SOLES
0.381815,pubmed-31652960,NDC-SOLES
0.970745,pubmed-31680851,NDC-SOLES
0.117648,pubmed-31702822,NDC-SOLES
0.992319,pubmed-31704787,NDC-SOLES
0.33919,pubmed-31711567,NDC-SOLES
0.108918,pubmed-31723605,NDC-SOLES
0.031662,pubmed-31736268,NDC-SOLES
0.133192,pubmed-31768992,NDC-SOLES
0.943701,pubmed-31780330,NDC-SOLES
0.207919,pubmed-31806371,NDC-SOLES
0.166013,pubmed-31811785,NDC-SOLES
0.046202,pubmed-31830624,NDC-SOLES
0.892317,pubmed-31838149,NDC-SOLES
0.649047,pubmed-31853066,NDC-SOLES
0.972836,pubmed-31870807,NDC-SOLES
0.307068,pubmed-31893618,NDC-SOLES
0.07249,pubmed-31906137,NDC-SOLES
0.023497,pubmed-31929812,NDC-SOLES
0.123091,pubmed-31946716,NDC-SOLES
0.229331,pubmed-31963584,NDC-SOLES
0.282114,pubmed-31965577,NDC-SOLES
0.070491,pubmed-31965581,NDC-SOLES
0.831249,pubmed-31972897,NDC-SOLES
0.429562,pubmed-31978189,NDC-SOLES
0.965865,pubmed-31988060,NDC-SOLES
0.820424,pubmed-31992971,NDC-SOLES
0.063567,pubmed-31996222,NDC-SOLES
0.443037,pubmed-32011705,NDC-SOLES
0.884809,pubmed-32015323,NDC-SOLES
0.046407,pubmed-32057808,NDC-SOLES
0.442584,pubmed-32072336,NDC-SOLES
0.140615,pubmed-32073750,NDC-SOLES
0.058735,pubmed-32076626,NDC-SOLES
0.238454,pubmed-32089764,NDC-SOLES
0.964313,pubmed-32103003,NDC-SOLES
0.830697,pubmed-32126198,NDC-SOLES
0.942921,pubmed-32199104,NDC-SOLES
0.04147,pubmed-32202359,NDC-SOLES
0.024733,pubmed-32230876,NDC-SOLES
0.021272,pubmed-32235506,NDC-SOLES
0.113545,pubmed-32240558,NDC-SOLES
0.076184,pubmed-32279045,NDC-SOLES
0.927714,pubmed-32286273,NDC-SOLES
0.933285,pubmed-32294447,NDC-SOLES
0.02381,pubmed-32315669,NDC-SOLES
0.121144,pubmed-32343869,NDC-SOLES
0.930928,pubmed-32393583,NDC-SOLES
0.961832,pubmed-32398858,NDC-SOLES
0.174002,pubmed-32402894,NDC-SOLES
0.952531,pubmed-32418612,NDC-SOLES
0.120264,pubmed-32421368,NDC-SOLES
0.066987,pubmed-32438848,NDC-SOLES
0.392892,pubmed-32442403,NDC-SOLES
0.942675,pubmed-32498016,NDC-SOLES
0.797276,pubmed-32510763,NDC-SOLES
0.960705,pubmed-32522805,NDC-SOLES
0.925189,pubmed-32527982,NDC-SOLES
0.738205,pubmed-32550443,NDC-SOLES
0.086803,pubmed-32554223,NDC-SOLES
0.756846,pubmed-32579270,NDC-SOLES
0.166481,pubmed-32580634,NDC-SOLES
0.127734,pubmed-32616744,NDC-SOLES
0.425692,pubmed-32620897,NDC-SOLES
0.26987,pubmed-32621917,NDC-SOLES
0.114496,pubmed-32639997,NDC-SOLES
0.354215,pubmed-32680528,NDC-SOLES
0.201759,pubmed-32702654,NDC-SOLES
0.736968,pubmed-32711953,NDC-SOLES
0.196103,pubmed-32737157,NDC-SOLES
0.163843,pubmed-32755644,NDC-SOLES
0.932637,pubmed-32760004,NDC-SOLES
0.873885,pubmed-32769989,NDC-SOLES
0.844965,pubmed-32795412,NDC-SOLES
0.70483,pubmed-32801156,NDC-SOLES
0.967336,pubmed-32817301,NDC-SOLES
0.214389,pubmed-32825833,NDC-SOLES
0.880854,pubmed-32843708,NDC-SOLES
0.867742,pubmed-32879325,NDC-SOLES
0.169442,pubmed-32910945,NDC-SOLES
0.296222,pubmed-32923721,NDC-SOLES
0.088191,pubmed-32930323,NDC-SOLES
0.083381,pubmed-32952018,NDC-SOLES
0.047692,pubmed-32964037,NDC-SOLES
0.065558,pubmed-32984278,NDC-SOLES
0.122053,pubmed-32991815,NDC-SOLES
0.082118,pubmed-32992127,NDC-SOLES
0.942033,pubmed-32994505,NDC-SOLES
0.087254,pubmed-32999161,NDC-SOLES
0.97639,pubmed-33023670,NDC-SOLES
0.242886,pubmed-33040635,NDC-SOLES
0.122596,pubmed-33065094,NDC-SOLES
0.909278,pubmed-33093534,NDC-SOLES
0.038013,pubmed-33096971,NDC-SOLES
0.081704,pubmed-33108787,NDC-SOLES
0.10755,pubmed-33111391,NDC-SOLES
0.894564,pubmed-33113347,NDC-SOLES
0.645072,pubmed-33119838,NDC-SOLES
0.90859,pubmed-33155545,NDC-SOLES
0.048617,pubmed-33184061,NDC-SOLES
0.343112,pubmed-33199411,NDC-SOLES
0.513828,pubmed-33202683,NDC-SOLES
0.070445,pubmed-33222571,NDC-SOLES
0.889277,pubmed-33238114,NDC-SOLES
0.219429,pubmed-33254717,NDC-SOLES
0.048419,pubmed-33276072,NDC-SOLES
0.041605,pubmed-33276243,NDC-SOLES
0.556493,pubmed-33287601,NDC-SOLES
0.918274,pubmed-33305180,NDC-SOLES
0.929204,pubmed-33309840,NDC-SOLES
0.938129,pubmed-33347690,NDC-SOLES
0.052948,pubmed-33353253,NDC-SOLES
0.152728,pubmed-33385943,NDC-SOLES
0.247338,pubmed-33408038,NDC-SOLES
0.013515,pubmed-33439429,NDC-SOLES
0.934991,pubmed-33468258,NDC-SOLES
0.258293,pubmed-33496723,NDC-SOLES
0.205361,pubmed-33499731,NDC-SOLES
0.507031,pubmed-33501714,NDC-SOLES
0.360571,pubmed-33526476,NDC-SOLES
0.257169,pubmed-33537077,NDC-SOLES
0.132229,pubmed-33556823,NDC-SOLES
0.031696,pubmed-33577886,NDC-SOLES
0.053167,pubmed-33597846,NDC-SOLES
0.041982,pubmed-33644470,NDC-SOLES
0.007525,pubmed-33688502,NDC-SOLES
0.951906,pubmed-33726803,NDC-SOLES
0.946115,pubmed-33727673,NDC-SOLES
0.137595,pubmed-33732070,NDC-SOLES
0.069176,pubmed-33741414,NDC-SOLES
0.079433,pubmed-33749521,NDC-SOLES
0.94481,pubmed-33757588,NDC-SOLES
0.904767,pubmed-33758193,NDC-SOLES
0.15423,pubmed-33761355,NDC-SOLES
0.136189,pubmed-33762011,NDC-SOLES
0.928103,pubmed-33762729,NDC-SOLES
0.088191,pubmed-33762938,NDC-SOLES
0.218858,pubmed-33768524,NDC-SOLES
0.273512,pubmed-33785408,NDC-SOLES
0.035623,pubmed-33791311,NDC-SOLES
0.955304,pubmed-33826902,NDC-SOLES
0.168018,pubmed-33833333,NDC-SOLES
0.967689,pubmed-33837267,NDC-SOLES
0.375066,pubmed-33839237,NDC-SOLES
0.404041,pubmed-33847461,NDC-SOLES
0.42492,pubmed-33855352,NDC-SOLES
0.928321,pubmed-33871180,NDC-SOLES
0.139457,pubmed-33876187,NDC-SOLES
0.103377,pubmed-33877368,NDC-SOLES
0.384637,pubmed-33880529,NDC-SOLES
0.103427,pubmed-33893948,NDC-SOLES
0.978302,pubmed-33933000,NDC-SOLES
0.072327,pubmed-33942217,NDC-SOLES
0.15784,pubmed-33968164,NDC-SOLES
0.762324,pubmed-33976205,NDC-SOLES
0.034002,pubmed-33987369,NDC-SOLES
0.047395,pubmed-33987885,NDC-SOLES
0.212392,pubmed-33993268,NDC-SOLES
0.267302,pubmed-33993886,NDC-SOLES
0.051457,pubmed-33994524,NDC-SOLES
0.947019,pubmed-34021030,NDC-SOLES
0.082265,pubmed-34044271,NDC-SOLES
0.044129,pubmed-34060082,NDC-SOLES
0.641065,pubmed-34064215,NDC-SOLES
0.119242,pubmed-34071964,NDC-SOLES
0.817607,pubmed-34077515,NDC-SOLES
0.046313,pubmed-34078809,NDC-SOLES
0.913152,pubmed-34085373,NDC-SOLES
0.024659,pubmed-34091228,NDC-SOLES
0.161422,pubmed-34101533,NDC-SOLES
0.772596,pubmed-34102099,NDC-SOLES
0.09653,pubmed-34104886,NDC-SOLES
0.015465,pubmed-34114402,NDC-SOLES
0.430149,pubmed-34115327,NDC-SOLES
0.076825,pubmed-34119671,NDC-SOLES
0.156817,pubmed-34131204,NDC-SOLES
0.059972,pubmed-34133772,NDC-SOLES
0.947815,pubmed-34135323,NDC-SOLES
0.2508,pubmed-34143952,NDC-SOLES
0.943176,pubmed-34145239,NDC-SOLES
0.954127,pubmed-34145365,NDC-SOLES
0.922028,pubmed-34156984,NDC-SOLES
0.060707,pubmed-34162754,NDC-SOLES
0.937702,pubmed-34173729,NDC-SOLES
0.87513,pubmed-34197733,NDC-SOLES
0.046707,pubmed-34203489,NDC-SOLES
0.145334,pubmed-34231878,NDC-SOLES
0.323382,pubmed-34247447,NDC-SOLES
0.173956,pubmed-34263425,NDC-SOLES
0.277874,pubmed-34280479,NDC-SOLES
0.043367,pubmed-34284544,NDC-SOLES
0.146021,pubmed-34296168,NDC-SOLES
0.073451,pubmed-34296753,NDC-SOLES
0.198329,pubmed-34307363,NDC-SOLES
0.701082,pubmed-34309811,NDC-SOLES
0.150288,pubmed-34313801,NDC-SOLES
0.974272,pubmed-34344536,NDC-SOLES
0.564333,pubmed-34354107,NDC-SOLES
0.068014,pubmed-34413770,NDC-SOLES
0.134012,pubmed-34481935,NDC-SOLES
0.088381,pubmed-34482185,NDC-SOLES
0.540604,pubmed-34494546,NDC-SOLES
0.080973,pubmed-34502488,NDC-SOLES
0.028431,pubmed-34510524,NDC-SOLES
0.161993,pubmed-34516796,NDC-SOLES
0.581508,pubmed-34525371,NDC-SOLES
0.045459,pubmed-34527169,NDC-SOLES
0.946427,pubmed-34533985,NDC-SOLES
0.417079,pubmed-34535637,NDC-SOLES
0.024112,pubmed-34571925,NDC-SOLES
0.268879,pubmed-34580274,NDC-SOLES
0.879205,pubmed-34588434,NDC-SOLES
0.033249,pubmed-34604093,NDC-SOLES
0.08365,pubmed-34607683,NDC-SOLES
0.940168,pubmed-34614421,NDC-SOLES
0.031009,pubmed-34621321,NDC-SOLES
0.330883,pubmed-34622797,NDC-SOLES
0.05655,pubmed-34625711,NDC-SOLES
0.10117,pubmed-34637165,NDC-SOLES
0.06997,pubmed-34642295,NDC-SOLES
0.91352,pubmed-34645823,NDC-SOLES
0.833707,pubmed-34661323,NDC-SOLES
0.935676,pubmed-34667149,NDC-SOLES
0.934891,pubmed-34678068,NDC-SOLES
0.168538,pubmed-34682531,NDC-SOLES
0.43457,pubmed-34692539,NDC-SOLES
0.086614,pubmed-34720021,NDC-SOLES
0.096289,pubmed-34731689,NDC-SOLES
0.09311,pubmed-34755654,NDC-SOLES
0.148516,pubmed-34782347,NDC-SOLES
0.178954,pubmed-34795381,NDC-SOLES
0.057916,pubmed-34825063,NDC-SOLES
0.941745,pubmed-34848499,NDC-SOLES
0.907507,pubmed-34865853,NDC-SOLES
0.833855,pubmed-34908527,NDC-SOLES
0.527595,pubmed-34909687,NDC-SOLES
0.285983,pubmed-34946811,NDC-SOLES
0.797387,pubmed-34949667,NDC-SOLES
0.934679,pubmed-34955712,NDC-SOLES
0.120215,pubmed-34973391,NDC-SOLES
0.076364,pubmed-34979238,NDC-SOLES
0.10128,pubmed-34979308,NDC-SOLES
0.324858,pubmed-34987552,NDC-SOLES
0.075835,pubmed-35003748,NDC-SOLES
0.084415,pubmed-35012443,NDC-SOLES
0.620481,pubmed-35013239,NDC-SOLES
0.97355,pubmed-35022531,NDC-SOLES
0.149344,pubmed-35059975,NDC-SOLES
0.047024,pubmed-35071492,NDC-SOLES
0.04519,pubmed-35073936,NDC-SOLES
0.952451,pubmed-35081333,NDC-SOLES
0.050127,pubmed-35087378,NDC-SOLES
0.040871,pubmed-35110544,NDC-SOLES
0.918341,pubmed-35115700,NDC-SOLES
0.238128,pubmed-35134251,NDC-SOLES
0.42858,pubmed-35134716,NDC-SOLES
0.050713,pubmed-35149247,NDC-SOLES
0.054387,pubmed-35152537,NDC-SOLES
0.289865,pubmed-35185464,NDC-SOLES
0.142305,pubmed-35195262,NDC-SOLES
0.182801,pubmed-35197316,NDC-SOLES
0.034131,pubmed-35198032,NDC-SOLES
0.900867,pubmed-35198865,NDC-SOLES
0.954257,pubmed-35219402,NDC-SOLES
0.872026,pubmed-35241668,NDC-SOLES
0.065394,pubmed-35250568,NDC-SOLES
0.148948,pubmed-35258078,NDC-SOLES
0.177265,pubmed-35271651,NDC-SOLES
0.237699,pubmed-35282767,NDC-SOLES
0.963109,pubmed-35292625,NDC-SOLES
0.824254,pubmed-35303947,NDC-SOLES
0.917916,pubmed-35358499,NDC-SOLES
0.153348,pubmed-35364275,NDC-SOLES
0.975169,pubmed-35365720,NDC-SOLES
0.944862,pubmed-35388181,NDC-SOLES
0.218208,pubmed-35396990,NDC-SOLES
0.201422,pubmed-35398176,NDC-SOLES
0.884344,pubmed-35398487,NDC-SOLES
0.18178,pubmed-35411325,NDC-SOLES
0.916516,pubmed-35449559,NDC-SOLES
0.723465,pubmed-35451230,NDC-SOLES
0.10889,pubmed-35481074,NDC-SOLES
0.991973,pubmed-35508566,NDC-SOLES
0.023337,pubmed-35534584,NDC-SOLES
0.948171,pubmed-35538503,NDC-SOLES
0.201712,pubmed-35544526,NDC-SOLES
0.026685,pubmed-35574272,NDC-SOLES
0.151021,pubmed-35585045,NDC-SOLES
0.083406,pubmed-35597080,NDC-SOLES
0.445163,pubmed-35610565,NDC-SOLES
0.039435,pubmed-35650108,NDC-SOLES
0.301986,pubmed-35681537,NDC-SOLES
0.07395,pubmed-35700633,NDC-SOLES
0.948094,pubmed-35711692,NDC-SOLES
0.139235,pubmed-35712450,NDC-SOLES
0.876964,pubmed-35726031,NDC-SOLES
0.102749,pubmed-35736494,NDC-SOLES
0.068935,pubmed-35738417,NDC-SOLES
0.93659,pubmed-35754477,NDC-SOLES
0.025923,pubmed-35773674,NDC-SOLES
0.256151,pubmed-35785416,NDC-SOLES
0.020009,pubmed-35786420,NDC-SOLES
0.084224,pubmed-35803738,NDC-SOLES
0.535697,pubmed-35819332,NDC-SOLES
0.083419,pubmed-35840521,NDC-SOLES
0.820865,pubmed-35864088,NDC-SOLES
0.064618,pubmed-35866229,NDC-SOLES
0.124375,pubmed-35882808,NDC-SOLES
0.135931,pubmed-35904498,NDC-SOLES
0.906076,pubmed-35917186,NDC-SOLES
0.234313,pubmed-35952672,NDC-SOLES
0.101131,pubmed-35973478,NDC-SOLES
0.871898,pubmed-35977029,NDC-SOLES
0.047724,pubmed-35980799,NDC-SOLES
0.088404,pubmed-36001234,NDC-SOLES
0.049234,pubmed-36009791,NDC-SOLES
0.962725,pubmed-36030255,NDC-SOLES
0.805011,pubmed-36035149,NDC-SOLES
0.411429,pubmed-36050860,NDC-SOLES
0.082728,pubmed-36084502,NDC-SOLES
0.041542,pubmed-36110967,NDC-SOLES
0.034573,pubmed-36132985,NDC-SOLES
0.569538,pubmed-36152629,NDC-SOLES
0.090684,pubmed-36172274,NDC-SOLES
0.185496,pubmed-36232931,NDC-SOLES
0.070091,pubmed-36233336,NDC-SOLES
0.321601,pubmed-36240494,NDC-SOLES
0.090312,pubmed-36241868,NDC-SOLES
0.451133,pubmed-36293496,NDC-SOLES
0.086408,pubmed-36307397,NDC-SOLES
0.581976,pubmed-36318534,NDC-SOLES
0.089808,pubmed-36322759,NDC-SOLES
0.875391,pubmed-36323257,NDC-SOLES
0.645333,pubmed-36324654,NDC-SOLES
0.040445,pubmed-36338027,NDC-SOLES
0.192327,pubmed-36343095,NDC-SOLES
0.106517,pubmed-36358691,NDC-SOLES
0.965536,pubmed-36359212,NDC-SOLES
0.163745,pubmed-36368650,NDC-SOLES
0.927656,pubmed-36402907,NDC-SOLES
0.236049,pubmed-36429076,NDC-SOLES
0.172625,pubmed-36438080,NDC-SOLES
0.179912,pubmed-36441480,NDC-SOLES
0.099998,pubmed-7483906,NDC-SOLES
0.248773,pubmed-7499428,NDC-SOLES
0.122757,pubmed-7532151,NDC-SOLES
0.293814,pubmed-7568099,NDC-SOLES
0.914234,pubmed-7605629,NDC-SOLES
0.118217,pubmed-7609869,NDC-SOLES
0.050851,pubmed-7615336,NDC-SOLES
0.144312,pubmed-7672014,NDC-SOLES
0.042163,pubmed-7750506,NDC-SOLES
0.107848,pubmed-7750509,NDC-SOLES
0.071536,pubmed-7779409,NDC-SOLES
0.086044,pubmed-7787766,NDC-SOLES
0.358208,pubmed-7833795,NDC-SOLES
0.169794,pubmed-7866679,NDC-SOLES
0.133702,pubmed-7889130,NDC-SOLES
0.130798,pubmed-7893419,NDC-SOLES
0.089375,pubmed-7916018,NDC-SOLES
0.922089,pubmed-7920653,NDC-SOLES
0.957321,pubmed-7926784,NDC-SOLES
0.246278,pubmed-7972118,NDC-SOLES
0.558576,pubmed-7976481,NDC-SOLES
0.372916,pubmed-8001125,NDC-SOLES
0.883227,pubmed-8001127,NDC-SOLES
0.105248,pubmed-8006678,NDC-SOLES
0.079691,pubmed-8008629,NDC-SOLES
0.115183,pubmed-8015398,NDC-SOLES
0.075979,pubmed-8021664,NDC-SOLES
0.970992,pubmed-8033209,NDC-SOLES
0.113749,pubmed-8039240,NDC-SOLES
0.038426,pubmed-8070894,NDC-SOLES
0.352288,pubmed-8082762,NDC-SOLES
0.045556,pubmed-8300192,NDC-SOLES
0.84167,pubmed-8673131,NDC-SOLES
0.067004,pubmed-8681893,NDC-SOLES
0.048306,pubmed-8723838,NDC-SOLES
0.036154,pubmed-8737410,NDC-SOLES
0.028683,pubmed-8739122,NDC-SOLES
0.122044,pubmed-8742048,NDC-SOLES
0.185657,pubmed-8746746,NDC-SOLES
0.077878,pubmed-8780855,NDC-SOLES
0.139965,pubmed-8786101,NDC-SOLES
0.916304,pubmed-8789948,NDC-SOLES
0.045189,pubmed-8792330,NDC-SOLES
0.079902,pubmed-8883893,NDC-SOLES
0.070827,pubmed-8891286,NDC-SOLES
0.080009,pubmed-8960978,NDC-SOLES
0.046285,pubmed-9056391,NDC-SOLES
0.483629,pubmed-9060410,NDC-SOLES
0.137889,pubmed-9081626,NDC-SOLES
0.923565,pubmed-9108119,NDC-SOLES
0.441458,pubmed-9140392,NDC-SOLES
0.970532,pubmed-9144249,NDC-SOLES
0.066918,pubmed-9185608,NDC-SOLES
0.23219,pubmed-9284046,NDC-SOLES
0.131111,pubmed-9305828,NDC-SOLES
0.118562,pubmed-9307329,NDC-SOLES
0.088369,pubmed-9324228,NDC-SOLES
0.11521,pubmed-9337875,NDC-SOLES
0.083372,pubmed-9363793,NDC-SOLES
0.074042,pubmed-9372224,NDC-SOLES
0.8491,pubmed-9430716,NDC-SOLES
0.552886,pubmed-9442260,NDC-SOLES
0.058392,pubmed-9450611,NDC-SOLES
0.183026,pubmed-9462754,NDC-SOLES
0.315261,pubmed-9501236,NDC-SOLES
0.056942,pubmed-9518658,NDC-SOLES
0.062874,pubmed-9537840,NDC-SOLES
0.053846,pubmed-9576959,NDC-SOLES
0.105434,pubmed-9578020,NDC-SOLES
0.40918,pubmed-9602127,NDC-SOLES
0.135831,pubmed-9623717,NDC-SOLES
0.047995,pubmed-9630527,NDC-SOLES
0.120807,pubmed-9670897,NDC-SOLES
0.318242,pubmed-9676829,NDC-SOLES
0.099739,pubmed-9696298,NDC-SOLES
0.428541,pubmed-9731525,NDC-SOLES
0.118619,pubmed-9737963,NDC-SOLES
0.092251,pubmed-9739139,NDC-SOLES
0.909869,pubmed-9763493,NDC-SOLES
0.922626,pubmed-9808466,NDC-SOLES
0.640195,pubmed-9832558,NDC-SOLES
0.924788,pubmed-9853749,NDC-SOLES
0.22948,pubmed-9858827,NDC-SOLES
0.876139,pubmed-9883721,NDC-SOLES
0.082304,pubmed-9986741,NDC-SOLES
0.074845,scopus-0028220542,NDC-SOLES
0.079331,scopus-0028693384,NDC-SOLES
0.03617,scopus-0028904318,NDC-SOLES
0.010841,scopus-0029031095,NDC-SOLES
0.013394,scopus-0029882080,NDC-SOLES
0.090292,scopus-0029887756,NDC-SOLES
0.13034,scopus-0030013989,NDC-SOLES
0.029951,scopus-0030472538,NDC-SOLES
0.061994,scopus-0030661967,NDC-SOLES
0.104512,scopus-0030760706,NDC-SOLES
0.059012,scopus-0030851734,NDC-SOLES
0.103783,scopus-0030975671,NDC-SOLES
0.106873,scopus-0031010541,NDC-SOLES
0.0421,scopus-0031048111,NDC-SOLES
0.055378,scopus-0031057457,NDC-SOLES
0.011826,scopus-0032498862,NDC-SOLES
0.386973,scopus-0032920310,NDC-SOLES
0.066358,scopus-0032985894,NDC-SOLES
0.159861,scopus-0033216155,NDC-SOLES
0.127629,scopus-0033603491,NDC-SOLES
0.035402,scopus-0033673416,NDC-SOLES
0.007087,scopus-0033756270,NDC-SOLES
0.037413,scopus-0033848981,NDC-SOLES
0.086381,scopus-0033884328,NDC-SOLES
0.049285,scopus-0033966590,NDC-SOLES
0.024797,scopus-0033972751,NDC-SOLES
0.156651,scopus-0033992695,NDC-SOLES
0.062877,scopus-0034619519,NDC-SOLES
0.17229,scopus-0034652305,NDC-SOLES
0.084477,scopus-0034737737,NDC-SOLES
0.106919,scopus-0034738329,NDC-SOLES
0.01161,scopus-0034741363,NDC-SOLES
0.148752,scopus-0034748550,NDC-SOLES
0.052153,scopus-0034828299,NDC-SOLES
0.075211,scopus-0035708972,NDC-SOLES
0.087787,scopus-0035793377,NDC-SOLES
0.173107,scopus-0035900347,NDC-SOLES
0.054067,scopus-0035919622,NDC-SOLES
0.156113,scopus-0038172649,NDC-SOLES
0.047156,scopus-0038187682,NDC-SOLES
0.093552,scopus-0041825240,NDC-SOLES
0.102037,scopus-0041923549,NDC-SOLES
0.117652,scopus-0042327752,NDC-SOLES
0.080637,scopus-0141613761,NDC-SOLES
0.036798,scopus-0344223547,NDC-SOLES
0.061496,scopus-0348048492,NDC-SOLES
0.116621,scopus-0348134965,NDC-SOLES
0.04455,scopus-12144286634,NDC-SOLES
0.176143,scopus-12844274908,NDC-SOLES
0.047499,scopus-13944268218,NDC-SOLES
0.198505,scopus-15744376945,NDC-SOLES
0.050999,scopus-1642369323,NDC-SOLES
0.082985,scopus-1842373331,NDC-SOLES
0.098295,scopus-20344363681,NDC-SOLES
0.292682,scopus-23644452637,NDC-SOLES
0.079421,scopus-23844438315,NDC-SOLES
0.014304,scopus-24344445341,NDC-SOLES
0.171058,scopus-25444491938,NDC-SOLES
0.180075,scopus-33646945321,NDC-SOLES
0.040699,scopus-33745122517,NDC-SOLES
0.030304,scopus-33745529312,NDC-SOLES
0.062994,scopus-33746179154,NDC-SOLES
0.291433,scopus-33746834540,NDC-SOLES
0.195528,scopus-33748639740,NDC-SOLES
0.419508,scopus-33845340757,NDC-SOLES
0.064809,scopus-33845422007,NDC-SOLES
0.028724,scopus-33846204772,NDC-SOLES
0.017748,scopus-33947410259,NDC-SOLES
0.049072,scopus-33947514003,NDC-SOLES
0.104908,scopus-34250018794,NDC-SOLES
0.204985,scopus-34447253042,NDC-SOLES
0.098641,scopus-34547840292,NDC-SOLES
0.033182,scopus-34548078977,NDC-SOLES
0.443824,scopus-43549109219,NDC-SOLES
0.229251,scopus-43649097985,NDC-SOLES
0.194689,scopus-43849095420,NDC-SOLES
0.034662,scopus-43949131039,NDC-SOLES
0.087552,scopus-44949101607,NDC-SOLES
0.138272,scopus-47949092321,NDC-SOLES
0.129756,scopus-51849092615,NDC-SOLES
0.165663,scopus-52949140804,NDC-SOLES
0.192133,scopus-54849428907,NDC-SOLES
0.269171,scopus-57049170205,NDC-SOLES
0.023066,scopus-63849132087,NDC-SOLES
0.053201,scopus-65949088370,NDC-SOLES
0.089681,scopus-66749149589,NDC-SOLES
0.115074,scopus-67349253535,NDC-SOLES
0.028583,scopus-67649396127,NDC-SOLES
0.05678,scopus-67650526683,NDC-SOLES
0.06553,scopus-67651148274,NDC-SOLES
0.057726,scopus-68849116786,NDC-SOLES
0.046452,scopus-69949145443,NDC-SOLES
0.041035,scopus-70349150027,NDC-SOLES
0.038243,scopus-70350151551,NDC-SOLES
0.077604,scopus-70350417838,NDC-SOLES
0.032403,scopus-75549086867,NDC-SOLES
0.043894,scopus-77952885690,NDC-SOLES
0.184383,scopus-77954330733,NDC-SOLES
0.201731,scopus-77956062627,NDC-SOLES
0.176976,scopus-77956185062,NDC-SOLES
0.097144,scopus-77956515296,NDC-SOLES
0.096799,scopus-77958461485,NDC-SOLES
0.210644,scopus-78649717734,NDC-SOLES
0.024716,scopus-78651282657,NDC-SOLES
0.032542,scopus-79251594628,NDC-SOLES
0.031658,scopus-79954475213,NDC-SOLES
0.12698,scopus-79954588050,NDC-SOLES
0.055782,scopus-79954600463,NDC-SOLES
0.112203,scopus-79955711142,NDC-SOLES
0.089329,scopus-79957592673,NDC-SOLES
0.09253,scopus-79957925579,NDC-SOLES
0.022054,scopus-79958837212,NDC-SOLES
0.111877,scopus-79959236375,NDC-SOLES
0.039358,scopus-79959396966,NDC-SOLES
0.080807,scopus-79959562288,NDC-SOLES
0.113361,scopus-79960045681,NDC-SOLES
0.115052,scopus-80051521553,NDC-SOLES
0.036875,scopus-80051546419,NDC-SOLES
0.046008,scopus-80054756422,NDC-SOLES
0.120151,scopus-83155180352,NDC-SOLES
0.041783,scopus-84455173156,NDC-SOLES
0.045135,scopus-84855457932,NDC-SOLES
0.061209,scopus-84856682195,NDC-SOLES
0.116393,scopus-84857221472,NDC-SOLES
0.062998,scopus-84857427683,NDC-SOLES
0.055551,scopus-84858297187,NDC-SOLES
0.040352,scopus-84861894470,NDC-SOLES
0.116825,scopus-84862888245,NDC-SOLES
0.03726,scopus-84863088665,NDC-SOLES
0.282296,scopus-84863312689,NDC-SOLES
0.072609,scopus-84867640078,NDC-SOLES
0.041617,scopus-84869089461,NDC-SOLES
0.12354,scopus-84869806054,NDC-SOLES
0.074836,scopus-84871945626,NDC-SOLES
0.069471,scopus-84872316630,NDC-SOLES
0.07658,scopus-84873332366,NDC-SOLES
0.208617,scopus-84875647585,NDC-SOLES
0.129531,scopus-84875722648,NDC-SOLES
0.077936,scopus-84876375138,NDC-SOLES
0.192217,scopus-84876488318,NDC-SOLES
0.075592,scopus-84878001014,NDC-SOLES
0.359478,scopus-84880325577,NDC-SOLES
0.058792,scopus-84881087204,NDC-SOLES
0.161902,scopus-84883256782,NDC-SOLES
0.262433,scopus-84883780405,NDC-SOLES
0.052748,scopus-84884475253,NDC-SOLES
0.193246,scopus-84887489425,NDC-SOLES
0.044463,scopus-84893857631,NDC-SOLES
0.060798,scopus-84895787603,NDC-SOLES
0.120055,scopus-84896714283,NDC-SOLES
0.045288,scopus-84899693076,NDC-SOLES
0.058527,scopus-84901416402,NDC-SOLES
0.0876,scopus-84904119223,NDC-SOLES
0.050542,scopus-84904351925,NDC-SOLES
0.044348,scopus-84905393591,NDC-SOLES
0.122607,scopus-84905503311,NDC-SOLES
0.239654,scopus-84906267311,NDC-SOLES
0.052213,scopus-84907322714,NDC-SOLES
0.268249,scopus-84907478287,NDC-SOLES
0.125537,scopus-84907686182,NDC-SOLES
0.014793,scopus-84907937839,NDC-SOLES
0.059614,scopus-84908165185,NDC-SOLES
0.178759,scopus-84908249404,NDC-SOLES
0.044208,scopus-84909619977,NDC-SOLES
0.017717,scopus-84910047122,NDC-SOLES
0.145366,scopus-84910679094,NDC-SOLES
0.105153,scopus-84920973383,NDC-SOLES
0.271348,scopus-84922042119,NDC-SOLES
0.26761,scopus-84923196206,NDC-SOLES
0.065356,scopus-84924017172,NDC-SOLES
0.042327,scopus-84925538942,NDC-SOLES
0.273374,scopus-84926300780,NDC-SOLES
0.030909,scopus-84928707161,NDC-SOLES
0.294739,scopus-84929484987,NDC-SOLES
0.736978,scopus-84930427217,NDC-SOLES
0.377136,scopus-84937409911,NDC-SOLES
0.057307,scopus-84937579754,NDC-SOLES
0.109609,scopus-84938352315,NDC-SOLES
0.058295,scopus-84939491974,NDC-SOLES
0.124693,scopus-84940375897,NDC-SOLES
0.033571,scopus-84941911839,NDC-SOLES
0.047741,scopus-84942988483,NDC-SOLES
0.075804,scopus-84944889340,NDC-SOLES
0.20341,scopus-84947460909,NDC-SOLES
0.21653,scopus-84947780275,NDC-SOLES
0.145381,scopus-84947866833,NDC-SOLES
0.03577,scopus-84951077600,NDC-SOLES
0.082171,scopus-84956549612,NDC-SOLES
0.041835,scopus-84958164864,NDC-SOLES
0.375028,scopus-84959353154,NDC-SOLES
0.318331,scopus-84960848269,NDC-SOLES
0.065087,scopus-84961208806,NDC-SOLES
0.00898,scopus-84965168200,NDC-SOLES
0.029588,scopus-84969796311,NDC-SOLES
0.131195,scopus-84976499798,NDC-SOLES
0.108926,scopus-84977511890,NDC-SOLES
0.025361,scopus-84979882483,NDC-SOLES
0.027579,scopus-84983121051,NDC-SOLES
0.073253,scopus-84983535404,NDC-SOLES
0.033907,scopus-84985942491,NDC-SOLES
0.041547,scopus-84988026268,NDC-SOLES
0.071945,scopus-84990888718,NDC-SOLES
0.215296,scopus-84991241072,NDC-SOLES
0.038136,scopus-84994663327,NDC-SOLES
0.051068,scopus-85009761214,NDC-SOLES
0.045336,scopus-85014474541,NDC-SOLES
0.208591,scopus-85016009015,NDC-SOLES
0.089179,scopus-85019080872,NDC-SOLES
0.199026,scopus-85019642110,NDC-SOLES
0.089238,scopus-85021815468,NDC-SOLES
0.172479,scopus-85029545204,NDC-SOLES
0.111584,scopus-85029566684,NDC-SOLES
0.053297,scopus-85029802144,NDC-SOLES
0.063496,scopus-85031044360,NDC-SOLES
0.056747,scopus-85031409431,NDC-SOLES
0.081438,scopus-85032700578,NDC-SOLES
0.187695,scopus-85032965789,NDC-SOLES
0.27408,scopus-85033220298,NDC-SOLES
0.095224,scopus-85034649233,NDC-SOLES
0.110901,scopus-85037601215,NDC-SOLES
0.099515,scopus-85040728062,NDC-SOLES
0.075998,scopus-85040915749,NDC-SOLES
0.035239,scopus-85041224803,NDC-SOLES
0.201657,scopus-85042498991,NDC-SOLES
0.023902,scopus-85044717196,NDC-SOLES
0.076638,scopus-85044758179,NDC-SOLES
0.006665,scopus-85046403099,NDC-SOLES
0.176959,scopus-85046729603,NDC-SOLES
0.167315,scopus-85047362231,NDC-SOLES
0.123227,scopus-85048990508,NDC-SOLES
0.528517,scopus-85050377639,NDC-SOLES
0.042044,scopus-85050461889,NDC-SOLES
0.187679,scopus-85050512983,NDC-SOLES
0.079432,scopus-85050871446,NDC-SOLES
0.026664,scopus-85051102245,NDC-SOLES
0.071019,scopus-85053054069,NDC-SOLES
0.202663,scopus-85053214155,NDC-SOLES
0.065761,scopus-85055611361,NDC-SOLES
0.02109,scopus-85056762281,NDC-SOLES
0.029292,scopus-85056971368,NDC-SOLES
0.016939,scopus-85058542649,NDC-SOLES
0.117368,scopus-85061123195,NDC-SOLES
0.030826,scopus-85061852161,NDC-SOLES
0.030709,scopus-85062543287,NDC-SOLES
0.025719,scopus-85062586860,NDC-SOLES
0.020952,scopus-85062850274,NDC-SOLES
0.814622,scopus-85062855188,NDC-SOLES
0.110819,scopus-85062943556,NDC-SOLES
0.06762,scopus-85063522146,NDC-SOLES
0.050338,scopus-85064336116,NDC-SOLES
0.079558,scopus-85064459791,NDC-SOLES
0.028016,scopus-85064823256,NDC-SOLES
0.042543,scopus-85065081761,NDC-SOLES
0.095682,scopus-85066443035,NDC-SOLES
0.020053,scopus-85066855452,NDC-SOLES
0.033455,scopus-85068253576,NDC-SOLES
0.076075,scopus-85069640768,NDC-SOLES
0.032111,scopus-85069733025,NDC-SOLES
0.15136,scopus-85070083039,NDC-SOLES
0.07365,scopus-85070667809,NDC-SOLES
0.097946,scopus-85071542699,NDC-SOLES
0.04398,scopus-85072747779,NDC-SOLES
0.018519,scopus-85074653485,NDC-SOLES
0.019628,scopus-85075305701,NDC-SOLES
0.087093,scopus-85075525298,NDC-SOLES
0.077317,scopus-85076096383,NDC-SOLES
0.208164,scopus-85076154395,NDC-SOLES
0.036503,scopus-85076438177,NDC-SOLES
0.15575,scopus-85078333176,NDC-SOLES
0.030793,scopus-85079390378,NDC-SOLES
0.050811,scopus-85079769406,NDC-SOLES
0.057538,scopus-85081215537,NDC-SOLES
0.123075,scopus-85082757138,NDC-SOLES
0.022364,scopus-85082810245,NDC-SOLES
0.238091,scopus-85083210164,NDC-SOLES
0.041427,scopus-85085100562,NDC-SOLES
0.059994,scopus-85085129783,NDC-SOLES
0.157453,scopus-85085354416,NDC-SOLES
0.114264,scopus-85085510461,NDC-SOLES
0.038383,scopus-85085926085,NDC-SOLES
0.094782,scopus-85086734383,NDC-SOLES
0.143068,scopus-85087758978,NDC-SOLES
0.081244,scopus-85088246233,NDC-SOLES
0.026392,scopus-85088375640,NDC-SOLES
0.053579,scopus-85088811502,NDC-SOLES
0.043239,scopus-85089393850,NDC-SOLES
0.021793,scopus-85089787699,NDC-SOLES
0.053799,scopus-85089856202,NDC-SOLES
0.025613,scopus-85090339831,NDC-SOLES
0.04998,scopus-85090564909,NDC-SOLES
0.154127,scopus-85090820556,NDC-SOLES
0.191315,scopus-85091324671,NDC-SOLES
0.064403,scopus-85091608558,NDC-SOLES
0.060809,scopus-85092137317,NDC-SOLES
0.051503,scopus-85092151047,NDC-SOLES
0.045372,scopus-85092459343,NDC-SOLES
0.02753,scopus-85093116800,NDC-SOLES
0.017011,scopus-85095389664,NDC-SOLES
0.025705,scopus-85095427824,NDC-SOLES
0.051761,scopus-85096225443,NDC-SOLES
0.503792,scopus-85096233015,NDC-SOLES
0.278976,scopus-85097033405,NDC-SOLES
0.864636,scopus-85098935782,NDC-SOLES
0.022749,scopus-85101007775,NDC-SOLES
0.049968,scopus-85101065182,NDC-SOLES
0.073136,scopus-85102460755,NDC-SOLES
0.454667,scopus-85102473953,NDC-SOLES
0.149508,scopus-85102496230,NDC-SOLES
0.02055,scopus-85104330100,NDC-SOLES
0.057392,scopus-85105029494,NDC-SOLES
0.083475,scopus-85109609368,NDC-SOLES
0.021934,scopus-85112230113,NDC-SOLES
0.027424,scopus-85112620340,NDC-SOLES
0.06999,scopus-85115186507,NDC-SOLES
0.092818,scopus-85116591248,NDC-SOLES
0.13558,scopus-85117882250,NDC-SOLES
0.024425,scopus-85119075145,NDC-SOLES
0.081697,scopus-85121990426,NDC-SOLES
0.356175,scopus-85122442277,NDC-SOLES
0.083972,scopus-85122738607,NDC-SOLES
0.034108,scopus-85123037363,NDC-SOLES
0.123503,scopus-85125156427,NDC-SOLES
0.08607,scopus-85125933063,NDC-SOLES
0.02843,scopus-85128333521,NDC-SOLES
0.228692,scopus-85130563084,NDC-SOLES
0.070904,scopus-85132753207,NDC-SOLES
0.023029,scopus-85135952069,NDC-SOLES
0.151394,scopus-85136973760,NDC-SOLES
0.174734,scopus-85137965201,NDC-SOLES
0.884835,scopus-85138903049,NDC-SOLES
0.832875,scopus-85139039750,NDC-SOLES
0.054873,scopus-85139081361,NDC-SOLES
0.274581,scopus-85139441713,NDC-SOLES
0.352572,scopus-85139477095,NDC-SOLES
0.068635,scopus-85139731478,NDC-SOLES
0.054785,wos-000070961600007,NDC-SOLES
0.170648,wos-000076776300008,NDC-SOLES
0.08832,wos-000077271900002,NDC-SOLES
0.075257,wos-000078905000021,NDC-SOLES
0.150375,wos-000080465900015,NDC-SOLES
0.03158,wos-000084271000004,NDC-SOLES
0.105014,wos-000085330700038,NDC-SOLES
0.036039,wos-000085528600003,NDC-SOLES
0.045509,wos-000086512700006,NDC-SOLES
0.125886,wos-000088106600001,NDC-SOLES
0.071146,wos-000088472900006,NDC-SOLES
0.08654,wos-000089812800005,NDC-SOLES
0.072604,wos-000165153700002,NDC-SOLES
0.06102,wos-000165176500032,NDC-SOLES
0.027365,wos-000166427900017,NDC-SOLES
0.065763,wos-000167570300004,NDC-SOLES
0.222111,wos-000170863100003,NDC-SOLES
0.104777,wos-000171413400020,NDC-SOLES
0.100466,wos-000172961300004,NDC-SOLES
0.099791,wos-000176685200004,NDC-SOLES
0.034509,wos-000177794000016,NDC-SOLES
0.052515,wos-000178206100002,NDC-SOLES
0.030944,wos-000179374500015,NDC-SOLES
0.046057,wos-000180417200012,NDC-SOLES
0.214376,wos-000180589000033,NDC-SOLES
0.055765,wos-000181340000004,NDC-SOLES
0.095065,wos-000181910500004,NDC-SOLES
0.067851,wos-000182680300036,NDC-SOLES
0.113787,wos-000182989300002,NDC-SOLES
0.024494,wos-000185415900010,NDC-SOLES
0.358641,wos-000186107200001,NDC-SOLES
0.042685,wos-000186584200007,NDC-SOLES
0.027743,wos-000186987100011,NDC-SOLES
0.052038,wos-000187466400005,NDC-SOLES
0.119107,wos-000189395300519,NDC-SOLES
0.280131,wos-000208443703061,NDC-SOLES
0.233899,wos-000209701503204,NDC-SOLES
0.272846,wos-000209829702102,NDC-SOLES
0.008519,wos-000220057700004,NDC-SOLES
0.046777,wos-000220249100017,NDC-SOLES
0.150589,wos-000221350400009,NDC-SOLES
0.062524,wos-000222124800005,NDC-SOLES
0.374678,wos-000222239900002,NDC-SOLES
0.027036,wos-000222964000004,NDC-SOLES
0.247314,wos-000223884600001,NDC-SOLES
0.077531,wos-000224908700004,NDC-SOLES
0.084338,wos-000225538200010,NDC-SOLES
0.071671,wos-000225549300010,NDC-SOLES
0.295703,wos-000225591100010,NDC-SOLES
0.01813,wos-000227127900017,NDC-SOLES
0.054132,wos-000228444300032,NDC-SOLES
0.022717,wos-000228750600002,NDC-SOLES
0.051398,wos-000228851700005,NDC-SOLES
0.071629,wos-000230465500001,NDC-SOLES
0.051809,wos-000231226300012,NDC-SOLES
0.114309,wos-000232269700006,NDC-SOLES
0.121374,wos-000234372500012,NDC-SOLES
0.075363,wos-000235133800011,NDC-SOLES
0.033368,wos-000237017200012,NDC-SOLES
0.299113,wos-000237553800016,NDC-SOLES
0.104632,wos-000237752200004,NDC-SOLES
0.362482,wos-000237984500009,NDC-SOLES
0.037756,wos-000240973700014,NDC-SOLES
0.088287,wos-000242822700010,NDC-SOLES
0.145546,wos-000243554100002,NDC-SOLES
0.438025,wos-000243616000019,NDC-SOLES
0.297572,wos-000244559000012,NDC-SOLES
0.340736,wos-000244692400007,NDC-SOLES
0.068223,wos-000245705800018,NDC-SOLES
0.111795,wos-000247395800018,NDC-SOLES
0.81875,wos-000249272800748,NDC-SOLES
0.098153,wos-000249392000023,NDC-SOLES
0.101287,wos-000249464500006,NDC-SOLES
0.05845,wos-000250010300009,NDC-SOLES
0.051394,wos-000251437700005,NDC-SOLES
0.212878,wos-000253022200009,NDC-SOLES
0.180477,wos-000253925900049,NDC-SOLES
0.309136,wos-000255845700004,NDC-SOLES
0.051806,wos-000257707900006,NDC-SOLES
0.131254,wos-000259483300012,NDC-SOLES
0.023773,wos-000263817000015,NDC-SOLES
0.210722,wos-000264001500005,NDC-SOLES
0.04721,wos-000265291400002,NDC-SOLES
0.023774,wos-000265762200017,NDC-SOLES
0.264299,wos-000268333900002,NDC-SOLES
0.290951,wos-000271416900017,NDC-SOLES
0.164598,wos-000271834500017,NDC-SOLES
0.125999,wos-000271984400012,NDC-SOLES
0.022046,wos-000274342700009,NDC-SOLES
0.082729,wos-000275471600007,NDC-SOLES
0.06712,wos-000275564300006,NDC-SOLES
0.1873,wos-000278393800011,NDC-SOLES
0.010993,wos-000278569200002,NDC-SOLES
0.021352,wos-000279442400006,NDC-SOLES
0.072245,wos-000281748000010,NDC-SOLES
0.235534,wos-000281938600006,NDC-SOLES
0.062178,wos-000281999700009,NDC-SOLES
0.241356,wos-000283502900046,NDC-SOLES
0.319361,wos-000283687800695,NDC-SOLES
0.033025,wos-000284261300010,NDC-SOLES
0.221009,wos-000284831200009,NDC-SOLES
0.093294,wos-000285546400004,NDC-SOLES
0.140781,wos-000285576900035,NDC-SOLES
0.041087,wos-000286180300024,NDC-SOLES
0.055625,wos-000286539700014,NDC-SOLES
0.274012,wos-000290135200010,NDC-SOLES
0.028311,wos-000291388700040,NDC-SOLES
0.075318,wos-000293259900003,NDC-SOLES
0.036134,wos-000295003100003,NDC-SOLES
0.140188,wos-000296915000005,NDC-SOLES
0.064807,wos-000298253600003,NDC-SOLES
0.032782,wos-000298939600014,NDC-SOLES
0.872937,wos-000299175800013,NDC-SOLES
0.011994,wos-000301177100017,NDC-SOLES
0.025366,wos-000302903500013,NDC-SOLES
0.156198,wos-000303333500015,NDC-SOLES
0.269249,wos-000303443100020,NDC-SOLES
0.068243,wos-000306406000004,NDC-SOLES
0.032951,wos-000306730500014,NDC-SOLES
0.07213,wos-000306965200013,NDC-SOLES
0.060148,wos-000313989500001,NDC-SOLES
0.218804,wos-000314744200037,NDC-SOLES
0.320978,wos-000320114400024,NDC-SOLES
0.104953,wos-000321804500011,NDC-SOLES
0.163156,wos-000323458300002,NDC-SOLES
0.089718,wos-000324545800070,NDC-SOLES
0.065422,wos-000324929700020,NDC-SOLES
0.070591,wos-000327188200026,NDC-SOLES
0.14909,wos-000327197200001,NDC-SOLES
0.06571,wos-000327538600016,NDC-SOLES
0.17883,wos-000327883200046,NDC-SOLES
0.349671,wos-000331046800038,NDC-SOLES
0.266673,wos-000331742800013,NDC-SOLES
0.270778,wos-000334165700056,NDC-SOLES
0.051897,wos-000336507100005,NDC-SOLES
0.023221,wos-000337212100001,NDC-SOLES
0.062135,wos-000339948700010,NDC-SOLES
0.097005,wos-000340699000034,NDC-SOLES
0.071616,wos-000345120400004,NDC-SOLES
0.279659,wos-000345220100024,NDC-SOLES
0.070697,wos-000345893300012,NDC-SOLES
0.212854,wos-000346324900010,NDC-SOLES
0.354556,wos-000347586300018,NDC-SOLES
0.192663,wos-000347595100012,NDC-SOLES
0.012702,wos-000349272000013,NDC-SOLES
0.063926,wos-000349454200127,NDC-SOLES
0.029702,wos-000350392200011,NDC-SOLES
0.437637,wos-000351880000181,NDC-SOLES
0.024971,wos-000353003800005,NDC-SOLES
0.049342,wos-000356906100006,NDC-SOLES
0.25566,wos-000357170800006,NDC-SOLES
0.780154,wos-000358302700008,NDC-SOLES
0.017439,wos-000359091100003,NDC-SOLES
0.121653,wos-000359322100008,NDC-SOLES
0.317167,wos-000360929000058,NDC-SOLES
0.020455,wos-000361886700018,NDC-SOLES
0.06771,wos-000364767200001,NDC-SOLES
0.028408,wos-000366313900019,NDC-SOLES
0.063771,wos-000366379400010,NDC-SOLES
0.196104,wos-000366534600121,NDC-SOLES
0.54966,wos-000368371600019,NDC-SOLES
0.128834,wos-000368402200004,NDC-SOLES
0.280595,wos-000370866400009,NDC-SOLES
0.03771,wos-000377545800017,NDC-SOLES
0.153042,wos-000377969500026,NDC-SOLES
0.080877,wos-000386195000006,NDC-SOLES
0.062861,wos-000387850100006,NDC-SOLES
0.03791,wos-000388154700065,NDC-SOLES
0.101114,wos-000388468800030,NDC-SOLES
0.190564,wos-000390311900012,NDC-SOLES
0.071047,wos-000390631500002,NDC-SOLES
0.153497,wos-000391054300011,NDC-SOLES
0.039516,wos-000391302900054,NDC-SOLES
0.358828,wos-000394446808045,NDC-SOLES
0.023653,wos-000395669600006,NDC-SOLES
0.064958,wos-000396161200002,NDC-SOLES
0.061662,wos-000397611900032,NDC-SOLES
0.223903,wos-000399175000069,NDC-SOLES
0.18937,wos-000400155800007,NDC-SOLES
0.292937,wos-000401127800018,NDC-SOLES
0.423906,wos-000401781800012,NDC-SOLES
0.048313,wos-000401804500006,NDC-SOLES
0.036052,wos-000403384400032,NDC-SOLES
0.013461,wos-000403595900003,NDC-SOLES
0.107235,wos-000406260800016,NDC-SOLES
0.048863,wos-000406735700032,NDC-SOLES
0.16599,wos-000407594700001,NDC-SOLES
0.03434,wos-000409241400004,NDC-SOLES
0.157943,wos-000409859800001,NDC-SOLES
0.295177,wos-000410674000007,NDC-SOLES
0.072288,wos-000413559900004,NDC-SOLES
0.026672,wos-000414539600018,NDC-SOLES
0.043276,wos-000415660400001,NDC-SOLES
0.1679,wos-000418750100004,NDC-SOLES
0.054923,wos-000419972400014,NDC-SOLES
0.140791,wos-000422873500074,NDC-SOLES
0.082849,wos-000423516200007,NDC-SOLES
0.239883,wos-000423820200028,NDC-SOLES
0.056643,wos-000425374800013,NDC-SOLES
0.085757,wos-000427344300010,NDC-SOLES
0.087864,wos-000427461900006,NDC-SOLES
0.083677,wos-000427925600006,NDC-SOLES
0.414659,wos-000431188500721,NDC-SOLES
0.113071,wos-000434354000005,NDC-SOLES
0.91739,wos-000436914000001,NDC-SOLES
0.018458,wos-000438024500027,NDC-SOLES
0.135293,wos-000439098200006,NDC-SOLES
0.042135,wos-000439244300001,NDC-SOLES
0.163343,wos-000439737400046,NDC-SOLES
0.049865,wos-000441291900012,NDC-SOLES
0.030806,wos-000441344700004,NDC-SOLES
0.135801,wos-000446586700111,NDC-SOLES
0.034343,wos-000447577300005,NDC-SOLES
0.025257,wos-000449689000008,NDC-SOLES
0.223183,wos-000450048500009,NDC-SOLES
0.066452,wos-000458074300001,NDC-SOLES
0.072147,wos-000460326100006,NDC-SOLES
0.059532,wos-000462508900012,NDC-SOLES
0.198995,wos-000463737000001,NDC-SOLES
0.039537,wos-000466511600016,NDC-SOLES
0.017645,wos-000471708300004,NDC-SOLES
0.103286,wos-000474323900008,NDC-SOLES
0.044276,wos-000481598400001,NDC-SOLES
0.250928,wos-000487122400002,NDC-SOLES
0.138254,wos-000490117200005,NDC-SOLES
0.127746,wos-000491217300011,NDC-SOLES
0.046796,wos-000497842800004,NDC-SOLES
0.087467,wos-000499683800045,NDC-SOLES
0.020491,wos-000502570800098,NDC-SOLES
0.223924,wos-000504323200018,NDC-SOLES
0.034834,wos-000507461600028,NDC-SOLES
0.201833,wos-000507918700024,NDC-SOLES
0.134511,wos-000512888300017,NDC-SOLES
0.05609,wos-000513660200001,NDC-SOLES
0.035865,wos-000520213500001,NDC-SOLES
0.202929,wos-000521989500023,NDC-SOLES
0.416909,wos-000522632400012,NDC-SOLES
0.054311,wos-000526894100010,NDC-SOLES
0.133953,wos-000527294300004,NDC-SOLES
0.027884,wos-000535608700001,NDC-SOLES
0.04502,wos-000539424200003,NDC-SOLES
0.047951,wos-000540482200077,NDC-SOLES
0.114756,wos-000551794700001,NDC-SOLES
0.039624,wos-000557955600009,NDC-SOLES
0.252288,wos-000565899700016,NDC-SOLES
0.262894,wos-000567377300005,NDC-SOLES
0.046572,wos-000572643900011,NDC-SOLES
0.101435,wos-000575272900001,NDC-SOLES
0.726234,wos-000579844101433,NDC-SOLES
0.092965,wos-000580006100001,NDC-SOLES
0.040342,wos-000583358800001,NDC-SOLES
0.195698,wos-000596508400010,NDC-SOLES
0.115036,wos-000600689300018,NDC-SOLES
0.017052,wos-000604931400001,NDC-SOLES
0.021957,wos-000631611400001,NDC-SOLES
0.090211,wos-000651547800003,NDC-SOLES
0.11175,wos-000665815000001,NDC-SOLES
0.011607,wos-000680010500001,NDC-SOLES
0.082282,wos-000686078300001,NDC-SOLES
0.013965,wos-000702719100003,NDC-SOLES
0.022334,wos-000702721800011,NDC-SOLES
0.051842,wos-000704585300003,NDC-SOLES
0.161163,wos-000709928200005,NDC-SOLES
0.073029,wos-000711422700019,NDC-SOLES
0.088341,wos-000731322200001,NDC-SOLES
0.044493,wos-000732949400002,NDC-SOLES
0.230383,wos-000734899000003,NDC-SOLES
0.147208,wos-000754863300001,NDC-SOLES
0.068943,wos-000778536300005,NDC-SOLES
0.040626,wos-000791954500007,NDC-SOLES
0.078126,wos-000801224500001,NDC-SOLES
0.903062,wos-000803187600008,NDC-SOLES
0.444882,wos-000823159800001,NDC-SOLES
0.295664,wos-000854179100301,NDC-SOLES
0.333313,wos-000862189700001,NDC-SOLES
0.023888,wos-000865982700010,NDC-SOLES
0.027778,wos-000884711600001,NDC-SOLES
0.006888,wos-a1995qp36200004,NDC-SOLES
0.04496,wos-a1995tk93300007,NDC-SOLES
0.187853,wos-a1996vj51100013,NDC-SOLES
0.276059,wos-a1997xc96100007,NDC-SOLES
0.02661,wos-a1997xl45900007,NDC-SOLES
0.284211,wos-a1997yg42700006,NDC-SOLES
