0.085481,pubmed-10027775,NDC-SOLES
0.113067,pubmed-10081933,NDC-SOLES
0.099484,pubmed-10087209,NDC-SOLES
0.138281,pubmed-10220225,NDC-SOLES
0.175764,pubmed-10226932,NDC-SOLES
0.216678,pubmed-10331989,NDC-SOLES
0.090326,pubmed-10338290,NDC-SOLES
0.124622,pubmed-10391452,NDC-SOLES
0.06068,pubmed-10408555,NDC-SOLES
0.903962,pubmed-10485705,NDC-SOLES
0.904329,pubmed-10491404,NDC-SOLES
0.837652,pubmed-10500095,NDC-SOLES
0.066376,pubmed-10552217,NDC-SOLES
0.064429,pubmed-10553950,NDC-SOLES
0.744677,pubmed-10555141,NDC-SOLES
0.20185,pubmed-10568516,NDC-SOLES
0.188198,pubmed-10592295,NDC-SOLES
0.079583,pubmed-10607866,NDC-SOLES
0.201064,pubmed-10628730,NDC-SOLES
0.078456,pubmed-10691294,NDC-SOLES
0.176958,pubmed-10698513,NDC-SOLES
0.204963,pubmed-10709209,NDC-SOLES
0.151189,pubmed-10755271,NDC-SOLES
0.089034,pubmed-10799662,NDC-SOLES
0.06517,pubmed-10826771,NDC-SOLES
0.905942,pubmed-10827969,NDC-SOLES
0.208535,pubmed-10835165,NDC-SOLES
0.075384,pubmed-10869516,NDC-SOLES
0.09064,pubmed-10939034,NDC-SOLES
0.736921,pubmed-10973973,NDC-SOLES
0.091374,pubmed-10994924,NDC-SOLES
0.090782,pubmed-11036212,NDC-SOLES
0.193535,pubmed-11060039,NDC-SOLES
0.087407,pubmed-11067980,NDC-SOLES
0.059687,pubmed-11087157,NDC-SOLES
0.328515,pubmed-11102541,NDC-SOLES
0.136113,pubmed-11110003,NDC-SOLES
0.082686,pubmed-11113642,NDC-SOLES
0.086205,pubmed-11119244,NDC-SOLES
0.162774,pubmed-11160957,NDC-SOLES
0.067746,pubmed-11218716,NDC-SOLES
0.228367,pubmed-11226743,NDC-SOLES
0.953646,pubmed-11230174,NDC-SOLES
0.110861,pubmed-11237734,NDC-SOLES
0.887364,pubmed-11239428,NDC-SOLES
0.984197,pubmed-11242117,NDC-SOLES
0.987768,pubmed-11242118,NDC-SOLES
0.037441,pubmed-11257312,NDC-SOLES
0.917959,pubmed-11279521,NDC-SOLES
0.934251,pubmed-11297510,NDC-SOLES
0.093839,pubmed-11391706,NDC-SOLES
0.087934,pubmed-11406810,NDC-SOLES
0.039908,pubmed-11454322,NDC-SOLES
0.043534,pubmed-11463512,NDC-SOLES
0.151173,pubmed-11520547,NDC-SOLES
0.138797,pubmed-11533712,NDC-SOLES
0.072937,pubmed-11534866,NDC-SOLES
0.893274,pubmed-11544478,NDC-SOLES
0.248491,pubmed-11545734,NDC-SOLES
0.220239,pubmed-11553685,NDC-SOLES
0.920054,pubmed-11555628,NDC-SOLES
0.724823,pubmed-11560960,NDC-SOLES
0.905227,pubmed-11580894,NDC-SOLES
0.383454,pubmed-11701760,NDC-SOLES
0.046761,pubmed-11713246,NDC-SOLES
0.212696,pubmed-11753645,NDC-SOLES
0.191394,pubmed-11756467,NDC-SOLES
0.106498,pubmed-11781241,NDC-SOLES
0.853896,pubmed-11797009,NDC-SOLES
0.053304,pubmed-11807834,NDC-SOLES
0.204262,pubmed-11818964,NDC-SOLES
0.938126,pubmed-11823444,NDC-SOLES
0.11246,pubmed-11838710,NDC-SOLES
0.017033,pubmed-11847536,NDC-SOLES
0.071425,pubmed-11857399,NDC-SOLES
0.908231,pubmed-11875047,NDC-SOLES
0.041283,pubmed-11880777,NDC-SOLES
0.110233,pubmed-11897100,NDC-SOLES
0.579599,pubmed-11967891,NDC-SOLES
0.13988,pubmed-11978398,NDC-SOLES
0.270891,pubmed-11998247,NDC-SOLES
0.126092,pubmed-12000121,NDC-SOLES
0.050451,pubmed-12027907,NDC-SOLES
0.065353,pubmed-12044782,NDC-SOLES
0.146394,pubmed-12062590,NDC-SOLES
0.182162,pubmed-12063257,NDC-SOLES
0.956483,pubmed-12086644,NDC-SOLES
0.859922,pubmed-12112874,NDC-SOLES
0.133195,pubmed-12168322,NDC-SOLES
0.115488,pubmed-12169689,NDC-SOLES
0.945961,pubmed-12192061,NDC-SOLES
0.133401,pubmed-12192617,NDC-SOLES
0.050372,pubmed-12231450,NDC-SOLES
0.147079,pubmed-12351716,NDC-SOLES
0.928974,pubmed-12379852,NDC-SOLES
0.836544,pubmed-12381661,NDC-SOLES
0.229561,pubmed-12410521,NDC-SOLES
0.046375,pubmed-12421919,NDC-SOLES
0.031397,pubmed-12443737,NDC-SOLES
0.604611,pubmed-12486163,NDC-SOLES
0.086361,pubmed-12503093,NDC-SOLES
0.182134,pubmed-12514097,NDC-SOLES
0.286327,pubmed-12555202,NDC-SOLES
0.930344,pubmed-12598599,NDC-SOLES
0.079311,pubmed-12601365,NDC-SOLES
0.332137,pubmed-12640005,NDC-SOLES
0.170179,pubmed-12665569,NDC-SOLES
0.109561,pubmed-12665573,NDC-SOLES
0.590064,pubmed-12671524,NDC-SOLES
0.12921,pubmed-12679146,NDC-SOLES
0.093701,pubmed-12680997,NDC-SOLES
0.165352,pubmed-12702742,NDC-SOLES
0.262444,pubmed-12717432,NDC-SOLES
0.022332,pubmed-12746865,NDC-SOLES
0.109759,pubmed-12761339,NDC-SOLES
0.870298,pubmed-12805550,NDC-SOLES
0.086015,pubmed-12824782,NDC-SOLES
0.071441,pubmed-12837572,NDC-SOLES
0.761249,pubmed-12888219,NDC-SOLES
0.108093,pubmed-12923213,NDC-SOLES
0.309675,pubmed-12953268,NDC-SOLES
0.178801,pubmed-12956733,NDC-SOLES
0.489898,pubmed-14506133,NDC-SOLES
0.112601,pubmed-14533781,NDC-SOLES
0.037064,pubmed-14593091,NDC-SOLES
0.149565,pubmed-14602089,NDC-SOLES
0.233676,pubmed-14630717,NDC-SOLES
0.121733,pubmed-14642440,NDC-SOLES
0.839776,pubmed-14659996,NDC-SOLES
0.917867,pubmed-14674845,NDC-SOLES
0.141578,pubmed-14679203,NDC-SOLES
0.126529,pubmed-14736855,NDC-SOLES
0.951636,pubmed-14966286,NDC-SOLES
0.436809,pubmed-14973240,NDC-SOLES
0.271349,pubmed-14973270,NDC-SOLES
0.104544,pubmed-14993145,NDC-SOLES
0.253748,pubmed-15019942,NDC-SOLES
0.114415,pubmed-15030778,NDC-SOLES
0.107617,pubmed-15044042,NDC-SOLES
0.484052,pubmed-15046871,NDC-SOLES
0.427754,pubmed-15056696,NDC-SOLES
0.967937,pubmed-15066271,NDC-SOLES
0.183943,pubmed-15126128,NDC-SOLES
0.841034,pubmed-15146240,NDC-SOLES
0.545929,pubmed-15184377,NDC-SOLES
0.904213,pubmed-15194823,NDC-SOLES
0.394004,pubmed-15198801,NDC-SOLES
0.127725,pubmed-15234117,NDC-SOLES
0.048423,pubmed-15262204,NDC-SOLES
0.13713,pubmed-15265794,NDC-SOLES
0.299076,pubmed-15301441,NDC-SOLES
0.10505,pubmed-15302130,NDC-SOLES
0.050968,pubmed-15315342,NDC-SOLES
0.083618,pubmed-15325130,NDC-SOLES
0.851053,pubmed-15342473,NDC-SOLES
0.97418,pubmed-15351775,NDC-SOLES
0.065028,pubmed-15378509,NDC-SOLES
0.014641,pubmed-15379447,NDC-SOLES
0.052265,pubmed-15380492,NDC-SOLES
0.183779,pubmed-15456878,NDC-SOLES
0.184007,pubmed-15456931,NDC-SOLES
0.151591,pubmed-15475178,NDC-SOLES
0.296008,pubmed-15492213,NDC-SOLES
0.092588,pubmed-15520163,NDC-SOLES
0.041352,pubmed-15567333,NDC-SOLES
0.268916,pubmed-15670775,NDC-SOLES
0.115024,pubmed-15671018,NDC-SOLES
0.039666,pubmed-15701254,NDC-SOLES
0.162876,pubmed-15703211,NDC-SOLES
0.909328,pubmed-15746153,NDC-SOLES
0.97948,pubmed-15748850,NDC-SOLES
0.942006,pubmed-15755515,NDC-SOLES
0.147232,pubmed-15757890,NDC-SOLES
0.153406,pubmed-15764699,NDC-SOLES
0.03285,pubmed-15806173,NDC-SOLES
0.50357,pubmed-15811384,NDC-SOLES
0.197524,pubmed-15817195,NDC-SOLES
0.023316,pubmed-15862921,NDC-SOLES
0.942449,pubmed-15878204,NDC-SOLES
0.193502,pubmed-15899944,NDC-SOLES
0.037478,pubmed-15937150,NDC-SOLES
0.730397,pubmed-15949229,NDC-SOLES
0.07789,pubmed-15950021,NDC-SOLES
0.260504,pubmed-15951562,NDC-SOLES
0.082278,pubmed-15955669,NDC-SOLES
0.066843,pubmed-15974178,NDC-SOLES
0.975773,pubmed-15977646,NDC-SOLES
0.302027,pubmed-15979311,NDC-SOLES
0.926726,pubmed-15983371,NDC-SOLES
0.107422,pubmed-15998793,NDC-SOLES
0.415024,pubmed-16000153,NDC-SOLES
0.840717,pubmed-16022389,NDC-SOLES
0.063309,pubmed-16023090,NDC-SOLES
0.484429,pubmed-16035034,NDC-SOLES
0.088492,pubmed-16039062,NDC-SOLES
0.102414,pubmed-16051596,NDC-SOLES
0.068064,pubmed-16051982,NDC-SOLES
0.972731,pubmed-16055059,NDC-SOLES
0.851355,pubmed-16106363,NDC-SOLES
0.063582,pubmed-16150111,NDC-SOLES
0.992527,pubmed-16176388,NDC-SOLES
0.043084,pubmed-16190927,NDC-SOLES
0.87625,pubmed-16199166,NDC-SOLES
0.082457,pubmed-16210377,NDC-SOLES
0.580799,pubmed-16251435,NDC-SOLES
0.963702,pubmed-16257225,NDC-SOLES
0.061927,pubmed-16284073,NDC-SOLES
0.110412,pubmed-16288458,NDC-SOLES
0.881685,pubmed-16300636,NDC-SOLES
0.069411,pubmed-16314485,NDC-SOLES
0.073172,pubmed-16317109,NDC-SOLES
0.031434,pubmed-16331889,NDC-SOLES
0.172035,pubmed-16362527,NDC-SOLES
0.935103,pubmed-16368758,NDC-SOLES
0.106136,pubmed-16409553,NDC-SOLES
0.974333,pubmed-16452252,NDC-SOLES
0.201698,pubmed-16465494,NDC-SOLES
0.974404,pubmed-16467389,NDC-SOLES
0.099368,pubmed-16496415,NDC-SOLES
0.118265,pubmed-16518877,NDC-SOLES
0.111697,pubmed-16520830,NDC-SOLES
0.336386,pubmed-16525940,NDC-SOLES
0.120765,pubmed-16529610,NDC-SOLES
0.698803,pubmed-16540584,NDC-SOLES
0.393971,pubmed-16554754,NDC-SOLES
0.092471,pubmed-16565401,NDC-SOLES
0.128576,pubmed-16609043,NDC-SOLES
0.056433,pubmed-16645721,NDC-SOLES
0.349524,pubmed-16672647,NDC-SOLES
0.955634,pubmed-16675393,NDC-SOLES
0.054209,pubmed-16675515,NDC-SOLES
0.339186,pubmed-16704895,NDC-SOLES
0.320984,pubmed-16716898,NDC-SOLES
0.193422,pubmed-16737849,NDC-SOLES
0.794492,pubmed-16763026,NDC-SOLES
0.073891,pubmed-16782507,NDC-SOLES
0.489897,pubmed-16818619,NDC-SOLES
0.118018,pubmed-16826366,NDC-SOLES
0.028285,pubmed-16860915,NDC-SOLES
0.736463,pubmed-16875466,NDC-SOLES
0.107025,pubmed-16895991,NDC-SOLES
0.073656,pubmed-16902995,NDC-SOLES
0.916296,pubmed-16921370,NDC-SOLES
0.198799,pubmed-16922889,NDC-SOLES
0.225805,pubmed-16956678,NDC-SOLES
0.120029,pubmed-16973377,NDC-SOLES
0.103508,pubmed-16981869,NDC-SOLES
0.052111,pubmed-16989981,NDC-SOLES
0.478573,pubmed-17062563,NDC-SOLES
0.053022,pubmed-17089323,NDC-SOLES
0.856175,pubmed-17101632,NDC-SOLES
0.193368,pubmed-17108004,NDC-SOLES
0.10643,pubmed-17140834,NDC-SOLES
0.409515,pubmed-17192930,NDC-SOLES
0.032427,pubmed-17196184,NDC-SOLES
0.928203,pubmed-17197085,NDC-SOLES
0.036652,pubmed-17208654,NDC-SOLES
0.136855,pubmed-17234750,NDC-SOLES
0.143553,pubmed-17237784,NDC-SOLES
0.048609,pubmed-17319923,NDC-SOLES
0.293463,pubmed-17360915,NDC-SOLES
0.161494,pubmed-17395336,NDC-SOLES
0.149029,pubmed-17403895,NDC-SOLES
0.183674,pubmed-17437414,NDC-SOLES
0.083221,pubmed-17445302,NDC-SOLES
0.28669,pubmed-17471557,NDC-SOLES
0.072792,pubmed-17508998,NDC-SOLES
0.947265,pubmed-17532643,NDC-SOLES
0.839098,pubmed-17537723,NDC-SOLES
0.925826,pubmed-17537961,NDC-SOLES
0.057189,pubmed-17595538,NDC-SOLES
0.168263,pubmed-17604636,NDC-SOLES
0.188882,pubmed-17611285,NDC-SOLES
0.916618,pubmed-17619227,NDC-SOLES
0.076466,pubmed-17640403,NDC-SOLES
0.723438,pubmed-17640820,NDC-SOLES
0.182996,pubmed-17640909,NDC-SOLES
0.037121,pubmed-17651414,NDC-SOLES
0.954228,pubmed-17720885,NDC-SOLES
0.192509,pubmed-17725845,NDC-SOLES
0.939808,pubmed-17728320,NDC-SOLES
0.980603,pubmed-17823315,NDC-SOLES
0.190166,pubmed-17846168,NDC-SOLES
0.853296,pubmed-17878293,NDC-SOLES
0.035824,pubmed-17889286,NDC-SOLES
0.873389,pubmed-17893678,NDC-SOLES
0.959642,pubmed-17913925,NDC-SOLES
0.189496,pubmed-17941850,NDC-SOLES
0.095483,pubmed-17967941,NDC-SOLES
0.083733,pubmed-17982071,NDC-SOLES
0.168009,pubmed-17983354,NDC-SOLES
0.957986,pubmed-17983671,NDC-SOLES
0.044372,pubmed-17985192,NDC-SOLES
0.83435,pubmed-17986521,NDC-SOLES
0.282269,pubmed-18031550,NDC-SOLES
0.454633,pubmed-18037993,NDC-SOLES
0.028802,pubmed-18080902,NDC-SOLES
0.083689,pubmed-18082973,NDC-SOLES
0.11333,pubmed-18159994,NDC-SOLES
0.066849,pubmed-18172866,NDC-SOLES
0.069152,pubmed-18172875,NDC-SOLES
0.343883,pubmed-18186492,NDC-SOLES
0.169383,pubmed-18194217,NDC-SOLES
0.853368,pubmed-18226451,NDC-SOLES
0.960027,pubmed-18227507,NDC-SOLES
0.280004,pubmed-18248940,NDC-SOLES
0.065946,pubmed-18258680,NDC-SOLES
0.893585,pubmed-18272679,NDC-SOLES
0.964754,pubmed-18272690,NDC-SOLES
0.083503,pubmed-18281460,NDC-SOLES
0.103575,pubmed-18295933,NDC-SOLES
0.112552,pubmed-18308784,NDC-SOLES
0.056087,pubmed-18332640,NDC-SOLES
0.096777,pubmed-18343996,NDC-SOLES
0.142199,pubmed-18345003,NDC-SOLES
0.781375,pubmed-18371367,NDC-SOLES
0.471197,pubmed-18413370,NDC-SOLES
0.86061,pubmed-18469815,NDC-SOLES
0.124311,pubmed-18487017,NDC-SOLES
0.087795,pubmed-18490145,NDC-SOLES
0.492033,pubmed-18506028,NDC-SOLES
0.182829,pubmed-18512762,NDC-SOLES
0.525609,pubmed-18514431,NDC-SOLES
0.298486,pubmed-18515424,NDC-SOLES
0.020847,pubmed-18534255,NDC-SOLES
0.274757,pubmed-18544626,NDC-SOLES
0.614719,pubmed-18544893,NDC-SOLES
0.125794,pubmed-18571851,NDC-SOLES
0.096263,pubmed-18573219,NDC-SOLES
0.170635,pubmed-18586681,NDC-SOLES
0.894529,pubmed-18599438,NDC-SOLES
0.05932,pubmed-18618674,NDC-SOLES
0.190736,pubmed-18667034,NDC-SOLES
0.031829,pubmed-18691368,NDC-SOLES
0.97523,pubmed-18701717,NDC-SOLES
0.267089,pubmed-18726299,NDC-SOLES
0.108687,pubmed-18727048,NDC-SOLES
0.98445,pubmed-18773074,NDC-SOLES
0.946731,pubmed-18778693,NDC-SOLES
0.245847,pubmed-18814855,NDC-SOLES
0.075604,pubmed-18815803,NDC-SOLES
0.936921,pubmed-18832330,NDC-SOLES
0.062417,pubmed-18951627,NDC-SOLES
0.087119,pubmed-18977160,NDC-SOLES
0.05547,pubmed-18985733,NDC-SOLES
0.230494,pubmed-18997061,NDC-SOLES
0.042862,pubmed-19000280,NDC-SOLES
0.166406,pubmed-19020039,NDC-SOLES
0.040328,pubmed-19028732,NDC-SOLES
0.180641,pubmed-19036738,NDC-SOLES
0.442867,pubmed-19059382,NDC-SOLES
0.703702,pubmed-19081379,NDC-SOLES
0.133654,pubmed-19081794,NDC-SOLES
0.148136,pubmed-19091967,NDC-SOLES
0.238169,pubmed-19101990,NDC-SOLES
0.302862,pubmed-19124687,NDC-SOLES
0.233356,pubmed-19132118,NDC-SOLES
0.830176,pubmed-19137022,NDC-SOLES
0.974247,pubmed-19145222,NDC-SOLES
0.855428,pubmed-19151705,NDC-SOLES
0.177635,pubmed-19185849,NDC-SOLES
0.85309,pubmed-19196994,NDC-SOLES
0.976862,pubmed-19208814,NDC-SOLES
0.904444,pubmed-19211884,NDC-SOLES
0.175834,pubmed-19216901,NDC-SOLES
0.950294,pubmed-19225110,NDC-SOLES
0.13489,pubmed-19228201,NDC-SOLES
0.979043,pubmed-19243448,NDC-SOLES
0.026783,pubmed-19261642,NDC-SOLES
0.893228,pubmed-19261893,NDC-SOLES
0.278262,pubmed-19278836,NDC-SOLES
0.089421,pubmed-19317611,NDC-SOLES
0.125336,pubmed-19332334,NDC-SOLES
0.101053,pubmed-19333689,NDC-SOLES
0.1741,pubmed-19339499,NDC-SOLES
0.95156,pubmed-19360662,NDC-SOLES
0.974204,pubmed-19369296,NDC-SOLES
0.206509,pubmed-19372220,NDC-SOLES
0.074743,pubmed-19376166,NDC-SOLES
0.125063,pubmed-19396168,NDC-SOLES
0.250761,pubmed-19397936,NDC-SOLES
0.954069,pubmed-19414073,NDC-SOLES
0.050166,pubmed-19429015,NDC-SOLES
0.946386,pubmed-19430469,NDC-SOLES
0.071119,pubmed-19435821,NDC-SOLES
0.672526,pubmed-19470613,NDC-SOLES
0.130485,pubmed-19485559,NDC-SOLES
0.822244,pubmed-19490899,NDC-SOLES
0.283393,pubmed-19506242,NDC-SOLES
0.098147,pubmed-19531635,NDC-SOLES
0.049983,pubmed-19544429,NDC-SOLES
0.928657,pubmed-19563756,NDC-SOLES
0.870241,pubmed-19587282,NDC-SOLES
0.047883,pubmed-19595742,NDC-SOLES
0.765957,pubmed-19595767,NDC-SOLES
0.06742,pubmed-19605904,NDC-SOLES
0.156901,pubmed-19620278,NDC-SOLES
0.066811,pubmed-19625655,NDC-SOLES
0.627651,pubmed-19627984,NDC-SOLES
0.250895,pubmed-19633169,NDC-SOLES
0.929243,pubmed-19640847,NDC-SOLES
0.087658,pubmed-19642132,NDC-SOLES
0.932783,pubmed-19659572,NDC-SOLES
0.923112,pubmed-19666116,NDC-SOLES
0.02557,pubmed-19670444,NDC-SOLES
0.112406,pubmed-19674057,NDC-SOLES
0.357374,pubmed-19682090,NDC-SOLES
0.130878,pubmed-19706770,NDC-SOLES
0.094024,pubmed-19723655,NDC-SOLES
0.923963,pubmed-19723784,NDC-SOLES
0.325049,pubmed-19734894,NDC-SOLES
0.071864,pubmed-19760337,NDC-SOLES
0.044304,pubmed-19777158,NDC-SOLES
0.288278,pubmed-19782028,NDC-SOLES
0.032096,pubmed-19785543,NDC-SOLES
0.079924,pubmed-19790262,NDC-SOLES
0.94339,pubmed-19799873,NDC-SOLES
0.060737,pubmed-19800952,NDC-SOLES
0.961238,pubmed-19812320,NDC-SOLES
0.923817,pubmed-19822762,NDC-SOLES
0.975057,pubmed-19932134,NDC-SOLES
0.966253,pubmed-19936290,NDC-SOLES
0.868598,pubmed-19945391,NDC-SOLES
0.122903,pubmed-19969506,NDC-SOLES
0.904241,pubmed-19998492,NDC-SOLES
0.968441,pubmed-20007372,NDC-SOLES
0.977247,pubmed-20011099,NDC-SOLES
0.850788,pubmed-20016099,NDC-SOLES
0.213432,pubmed-20026272,NDC-SOLES
0.076061,pubmed-20050973,NDC-SOLES
0.250478,pubmed-20051123,NDC-SOLES
0.09415,pubmed-20056129,NDC-SOLES
0.045259,pubmed-20069209,NDC-SOLES
0.970462,pubmed-20071534,NDC-SOLES
0.150316,pubmed-20078908,NDC-SOLES
0.048504,pubmed-20079361,NDC-SOLES
0.036998,pubmed-20091783,NDC-SOLES
0.933275,pubmed-20096586,NDC-SOLES
0.877691,pubmed-20105235,NDC-SOLES
0.2173,pubmed-20126541,NDC-SOLES
0.133691,pubmed-20132903,NDC-SOLES
0.505126,pubmed-20133615,NDC-SOLES
0.863828,pubmed-20138994,NDC-SOLES
0.102581,pubmed-20147533,NDC-SOLES
0.032139,pubmed-20151365,NDC-SOLES
0.984836,pubmed-20163734,NDC-SOLES
0.070378,pubmed-20165695,NDC-SOLES
0.15381,pubmed-20171185,NDC-SOLES
0.241923,pubmed-20171202,NDC-SOLES
0.141437,pubmed-20175790,NDC-SOLES
0.074862,pubmed-20187850,NDC-SOLES
0.826264,pubmed-20194734,NDC-SOLES
0.111418,pubmed-20197783,NDC-SOLES
0.95522,pubmed-20211139,NDC-SOLES
0.979958,pubmed-20300527,NDC-SOLES
0.22332,pubmed-20339443,NDC-SOLES
0.905955,pubmed-20357110,NDC-SOLES
0.13592,pubmed-20368287,NDC-SOLES
0.206719,pubmed-20370715,NDC-SOLES
0.282132,pubmed-20374639,NDC-SOLES
0.908892,pubmed-20392952,NDC-SOLES
0.932665,pubmed-20392954,NDC-SOLES
0.076693,pubmed-20393118,NDC-SOLES
0.071827,pubmed-20400519,NDC-SOLES
0.063632,pubmed-20405049,NDC-SOLES
0.145711,pubmed-20405854,NDC-SOLES
0.824574,pubmed-20414372,NDC-SOLES
0.214683,pubmed-20418874,NDC-SOLES
0.133987,pubmed-20420385,NDC-SOLES
0.052068,pubmed-20449617,NDC-SOLES
0.963818,pubmed-20450890,NDC-SOLES
0.907185,pubmed-20452127,NDC-SOLES
0.665053,pubmed-20463240,NDC-SOLES
0.082963,pubmed-20471038,NDC-SOLES
0.892227,pubmed-20573883,NDC-SOLES
0.073799,pubmed-20589092,NDC-SOLES
0.421999,pubmed-20592197,NDC-SOLES
0.216899,pubmed-20610766,NDC-SOLES
0.089809,pubmed-20626729,NDC-SOLES
0.107774,pubmed-20645309,NDC-SOLES
0.15671,pubmed-20650883,NDC-SOLES
0.364359,pubmed-20656787,NDC-SOLES
0.94711,pubmed-20696245,NDC-SOLES
0.947796,pubmed-20699105,NDC-SOLES
0.266692,pubmed-20700456,NDC-SOLES
0.061813,pubmed-20712756,NDC-SOLES
0.069698,pubmed-20713048,NDC-SOLES
0.041422,pubmed-20714908,NDC-SOLES
0.365339,pubmed-20720508,NDC-SOLES
0.139578,pubmed-20724660,NDC-SOLES
0.11739,pubmed-20727596,NDC-SOLES
0.350568,pubmed-20802478,NDC-SOLES
0.07276,pubmed-20837132,NDC-SOLES
0.074654,pubmed-20850139,NDC-SOLES
0.07149,pubmed-20851574,NDC-SOLES
0.131902,pubmed-20858763,NDC-SOLES
0.092759,pubmed-20865735,NDC-SOLES
0.229912,pubmed-20876117,NDC-SOLES
0.906118,pubmed-20882401,NDC-SOLES
0.882702,pubmed-20927644,NDC-SOLES
0.23648,pubmed-20946874,NDC-SOLES
0.945436,pubmed-20952458,NDC-SOLES
0.105163,pubmed-20957047,NDC-SOLES
0.829231,pubmed-21029865,NDC-SOLES
0.961176,pubmed-21048139,NDC-SOLES
0.954344,pubmed-21062901,NDC-SOLES
0.988948,pubmed-21068835,NDC-SOLES
0.095051,pubmed-21071287,NDC-SOLES
0.846939,pubmed-21074052,NDC-SOLES
0.29453,pubmed-21075104,NDC-SOLES
0.149932,pubmed-21093357,NDC-SOLES
0.058033,pubmed-21127499,NDC-SOLES
0.021824,pubmed-21147076,NDC-SOLES
0.86089,pubmed-21156207,NDC-SOLES
0.982032,pubmed-21167025,NDC-SOLES
0.108552,pubmed-21196313,NDC-SOLES
0.126145,pubmed-21211953,NDC-SOLES
0.965964,pubmed-21220020,NDC-SOLES
0.079109,pubmed-21234373,NDC-SOLES
0.078302,pubmed-21246554,NDC-SOLES
0.152682,pubmed-21256119,NDC-SOLES
0.050129,pubmed-21277911,NDC-SOLES
0.977355,pubmed-21330301,NDC-SOLES
0.021633,pubmed-21332672,NDC-SOLES
0.063868,pubmed-21352844,NDC-SOLES
0.247063,pubmed-21397855,NDC-SOLES
0.077629,pubmed-21398595,NDC-SOLES
0.98254,pubmed-21423165,NDC-SOLES
0.043911,pubmed-21430408,NDC-SOLES
0.468343,pubmed-21473985,NDC-SOLES
0.435425,pubmed-21515581,NDC-SOLES
0.203639,pubmed-21521784,NDC-SOLES
0.059656,pubmed-21530633,NDC-SOLES
0.10501,pubmed-21556562,NDC-SOLES
0.994515,pubmed-21558424,NDC-SOLES
0.971851,pubmed-21565394,NDC-SOLES
0.421274,pubmed-21570712,NDC-SOLES
0.147568,pubmed-21641195,NDC-SOLES
0.964154,pubmed-21669931,NDC-SOLES
0.028952,pubmed-21672189,NDC-SOLES
0.064811,pubmed-21687355,NDC-SOLES
0.060149,pubmed-21699923,NDC-SOLES
0.086752,pubmed-21703421,NDC-SOLES
0.31984,pubmed-21715609,NDC-SOLES
0.885725,pubmed-21745337,NDC-SOLES
0.08149,pubmed-21750986,NDC-SOLES
0.427,pubmed-21751912,NDC-SOLES
0.483141,pubmed-21767826,NDC-SOLES
0.059902,pubmed-21772333,NDC-SOLES
0.969929,pubmed-21808020,NDC-SOLES
0.142907,pubmed-21832029,NDC-SOLES
0.948278,pubmed-21856714,NDC-SOLES
0.086909,pubmed-21865553,NDC-SOLES
0.988334,pubmed-21878566,NDC-SOLES
0.889327,pubmed-21904980,NDC-SOLES
0.222477,pubmed-21945393,NDC-SOLES
0.379284,pubmed-21949412,NDC-SOLES
0.276523,pubmed-21952241,NDC-SOLES
0.906099,pubmed-21964919,NDC-SOLES
0.115539,pubmed-21968643,NDC-SOLES
0.515188,pubmed-21972117,NDC-SOLES
0.952615,pubmed-21974935,NDC-SOLES
0.105536,pubmed-21988194,NDC-SOLES
0.190048,pubmed-22000581,NDC-SOLES
0.227033,pubmed-22006816,NDC-SOLES
0.936441,pubmed-22009357,NDC-SOLES
0.135168,pubmed-22019944,NDC-SOLES
0.951518,pubmed-22021912,NDC-SOLES
0.174207,pubmed-22023958,NDC-SOLES
0.01563,pubmed-22024356,NDC-SOLES
0.870306,pubmed-22046307,NDC-SOLES
0.075799,pubmed-22061800,NDC-SOLES
0.990702,pubmed-22067669,NDC-SOLES
0.029888,pubmed-22096566,NDC-SOLES
0.179668,pubmed-22103913,NDC-SOLES
0.066903,pubmed-22108610,NDC-SOLES
0.363099,pubmed-22114697,NDC-SOLES
0.980464,pubmed-22119903,NDC-SOLES
0.917131,pubmed-22127389,NDC-SOLES
0.105222,pubmed-22134901,NDC-SOLES
0.044577,pubmed-22143495,NDC-SOLES
0.869484,pubmed-22153375,NDC-SOLES
0.083939,pubmed-22155743,NDC-SOLES
0.068781,pubmed-22183833,NDC-SOLES
0.944156,pubmed-22186023,NDC-SOLES
0.935152,pubmed-22194327,NDC-SOLES
0.948259,pubmed-22215440,NDC-SOLES
0.074779,pubmed-22227207,NDC-SOLES
0.082121,pubmed-22227564,NDC-SOLES
0.95753,pubmed-22231481,NDC-SOLES
0.994751,pubmed-22249109,NDC-SOLES
0.23157,pubmed-22253774,NDC-SOLES
0.108897,pubmed-22254422,NDC-SOLES
0.150841,pubmed-22260342,NDC-SOLES
0.428075,pubmed-22261249,NDC-SOLES
0.044324,pubmed-22262939,NDC-SOLES
0.983282,pubmed-22265702,NDC-SOLES
0.102149,pubmed-22275253,NDC-SOLES
0.045584,pubmed-22281279,NDC-SOLES
0.108702,pubmed-22328498,NDC-SOLES
0.902633,pubmed-22343140,NDC-SOLES
0.049138,pubmed-22352423,NDC-SOLES
0.149473,pubmed-22353430,NDC-SOLES
0.047404,pubmed-22354748,NDC-SOLES
0.84102,pubmed-22355564,NDC-SOLES
0.100745,pubmed-22363643,NDC-SOLES
0.032614,pubmed-22371771,NDC-SOLES
0.988977,pubmed-22378884,NDC-SOLES
0.905884,pubmed-22381732,NDC-SOLES
0.183767,pubmed-22401813,NDC-SOLES
0.91277,pubmed-22412993,NDC-SOLES
0.102067,pubmed-22437320,NDC-SOLES
0.256775,pubmed-22442800,NDC-SOLES
0.04781,pubmed-22458630,NDC-SOLES
0.855552,pubmed-22500629,NDC-SOLES
0.852516,pubmed-22508465,NDC-SOLES
0.903241,pubmed-22539951,NDC-SOLES
0.034838,pubmed-22542773,NDC-SOLES
0.032235,pubmed-22542945,NDC-SOLES
0.233968,pubmed-22578008,NDC-SOLES
0.261708,pubmed-22612501,NDC-SOLES
0.324109,pubmed-22623674,NDC-SOLES
0.938237,pubmed-22633921,NDC-SOLES
0.026926,pubmed-22681976,NDC-SOLES
0.205242,pubmed-22683290,NDC-SOLES
0.0953,pubmed-22688403,NDC-SOLES
0.980792,pubmed-22699619,NDC-SOLES
0.969152,pubmed-22699620,NDC-SOLES
0.850849,pubmed-22700469,NDC-SOLES
0.242735,pubmed-22762267,NDC-SOLES
0.966227,pubmed-22763451,NDC-SOLES
0.92475,pubmed-22806213,NDC-SOLES
0.105184,pubmed-22807655,NDC-SOLES
0.893318,pubmed-22817866,NDC-SOLES
0.96528,pubmed-22820233,NDC-SOLES
0.347829,pubmed-22857010,NDC-SOLES
0.065264,pubmed-22882455,NDC-SOLES
0.816902,pubmed-22900024,NDC-SOLES
0.044435,pubmed-22902993,NDC-SOLES
0.963622,pubmed-22914087,NDC-SOLES
0.074557,pubmed-22915787,NDC-SOLES
0.952392,pubmed-22916201,NDC-SOLES
0.90578,pubmed-22956686,NDC-SOLES
0.111385,pubmed-22967502,NDC-SOLES
0.981782,pubmed-22983708,NDC-SOLES
0.139228,pubmed-22986076,NDC-SOLES
0.127118,pubmed-22986535,NDC-SOLES
0.929976,pubmed-22989184,NDC-SOLES
0.171803,pubmed-22992283,NDC-SOLES
0.30565,pubmed-23000143,NDC-SOLES
0.528835,pubmed-23006485,NDC-SOLES
0.084667,pubmed-23009755,NDC-SOLES
0.986974,pubmed-23026749,NDC-SOLES
0.153058,pubmed-23056544,NDC-SOLES
0.155708,pubmed-23068606,NDC-SOLES
0.241581,pubmed-23081885,NDC-SOLES
0.968615,pubmed-23083736,NDC-SOLES
0.792093,pubmed-23097495,NDC-SOLES
0.124967,pubmed-23102120,NDC-SOLES
0.062648,pubmed-23103215,NDC-SOLES
0.168594,pubmed-23114210,NDC-SOLES
0.971597,pubmed-23123587,NDC-SOLES
0.166766,pubmed-23135913,NDC-SOLES
0.069685,pubmed-23136191,NDC-SOLES
0.837784,pubmed-23136410,NDC-SOLES
0.965458,pubmed-23141534,NDC-SOLES
0.084941,pubmed-23141548,NDC-SOLES
0.0957,pubmed-23152497,NDC-SOLES
0.933572,pubmed-23153818,NDC-SOLES
0.199329,pubmed-23155407,NDC-SOLES
0.877297,pubmed-23159330,NDC-SOLES
0.927415,pubmed-23175819,NDC-SOLES
0.320173,pubmed-23195424,NDC-SOLES
0.064087,pubmed-23201256,NDC-SOLES
0.897134,pubmed-23220633,NDC-SOLES
0.981943,pubmed-23227269,NDC-SOLES
0.234915,pubmed-23234723,NDC-SOLES
0.960108,pubmed-23236174,NDC-SOLES
0.889333,pubmed-23250422,NDC-SOLES
0.892713,pubmed-23268962,NDC-SOLES
0.982406,pubmed-23280234,NDC-SOLES
0.826264,pubmed-23298182,NDC-SOLES
0.082922,pubmed-23318275,NDC-SOLES
0.086445,pubmed-23338840,NDC-SOLES
0.583064,pubmed-23348913,NDC-SOLES
0.842042,pubmed-23349049,NDC-SOLES
0.188195,pubmed-23351095,NDC-SOLES
0.087411,pubmed-23385064,NDC-SOLES
0.098767,pubmed-23407966,NDC-SOLES
0.397026,pubmed-23408872,NDC-SOLES
0.242764,pubmed-23413037,NDC-SOLES
0.098505,pubmed-23415649,NDC-SOLES
0.246012,pubmed-23417928,NDC-SOLES
0.906952,pubmed-23436049,NDC-SOLES
0.869908,pubmed-23441094,NDC-SOLES
0.894616,pubmed-23451101,NDC-SOLES
0.034321,pubmed-23456787,NDC-SOLES
0.106197,pubmed-23463102,NDC-SOLES
0.049216,pubmed-23479461,NDC-SOLES
0.891032,pubmed-23487788,NDC-SOLES
0.661663,pubmed-23495194,NDC-SOLES
0.064696,pubmed-23504257,NDC-SOLES
0.989357,pubmed-23509247,NDC-SOLES
0.183704,pubmed-23533179,NDC-SOLES
0.93781,pubmed-23541496,NDC-SOLES
0.852468,pubmed-23549079,NDC-SOLES
0.110496,pubmed-23565217,NDC-SOLES
0.894411,pubmed-23621888,NDC-SOLES
0.11785,pubmed-23624058,NDC-SOLES
0.066603,pubmed-23649988,NDC-SOLES
0.031948,pubmed-23656528,NDC-SOLES
0.983489,pubmed-23660195,NDC-SOLES
0.925879,pubmed-23664552,NDC-SOLES
0.291191,pubmed-23683874,NDC-SOLES
0.182972,pubmed-23692689,NDC-SOLES
0.891941,pubmed-23703963,NDC-SOLES
0.213725,pubmed-23707736,NDC-SOLES
0.139348,pubmed-23707903,NDC-SOLES
0.162903,pubmed-23708654,NDC-SOLES
0.029175,pubmed-23759119,NDC-SOLES
0.73789,pubmed-23760474,NDC-SOLES
0.896728,pubmed-23761734,NDC-SOLES
0.236554,pubmed-23762501,NDC-SOLES
0.046657,pubmed-23769173,NDC-SOLES
0.403571,pubmed-23800157,NDC-SOLES
0.152743,pubmed-23824559,NDC-SOLES
0.07937,pubmed-23825654,NDC-SOLES
0.820819,pubmed-23831965,NDC-SOLES
0.075197,pubmed-23850245,NDC-SOLES
0.041968,pubmed-23867009,NDC-SOLES
0.089054,pubmed-23867821,NDC-SOLES
0.071744,pubmed-23896513,NDC-SOLES
0.183847,pubmed-23917518,NDC-SOLES
0.753996,pubmed-23926248,NDC-SOLES
0.972408,pubmed-23941202,NDC-SOLES
0.065367,pubmed-23949207,NDC-SOLES
0.957344,pubmed-23968838,NDC-SOLES
0.185248,pubmed-23973221,NDC-SOLES
0.10623,pubmed-23973607,NDC-SOLES
0.140055,pubmed-23978468,NDC-SOLES
0.104289,pubmed-23983092,NDC-SOLES
0.248171,pubmed-23990902,NDC-SOLES
0.057909,pubmed-24001591,NDC-SOLES
0.218026,pubmed-24012418,NDC-SOLES
0.804639,pubmed-24023755,NDC-SOLES
0.890029,pubmed-24035762,NDC-SOLES
0.1817,pubmed-24036472,NDC-SOLES
0.122456,pubmed-24038377,NDC-SOLES
0.05447,pubmed-24076348,NDC-SOLES
0.154917,pubmed-24095879,NDC-SOLES
0.190112,pubmed-24101472,NDC-SOLES
0.090433,pubmed-24102621,NDC-SOLES
0.051729,pubmed-24107461,NDC-SOLES
0.049473,pubmed-24117347,NDC-SOLES
0.137998,pubmed-24126255,NDC-SOLES
0.044745,pubmed-24129198,NDC-SOLES
0.170921,pubmed-24140242,NDC-SOLES
0.033025,pubmed-24146019,NDC-SOLES
0.106626,pubmed-24163395,NDC-SOLES
0.032476,pubmed-24205314,NDC-SOLES
0.821205,pubmed-24207121,NDC-SOLES
0.933504,pubmed-24211371,NDC-SOLES
0.861936,pubmed-24211452,NDC-SOLES
0.180702,pubmed-24258210,NDC-SOLES
0.955292,pubmed-24259569,NDC-SOLES
0.212303,pubmed-24259590,NDC-SOLES
0.108782,pubmed-24266544,NDC-SOLES
0.119792,pubmed-24269780,NDC-SOLES
0.102413,pubmed-24278749,NDC-SOLES
0.677159,pubmed-24295733,NDC-SOLES
0.041008,pubmed-24305720,NDC-SOLES
0.962378,pubmed-24312033,NDC-SOLES
0.882031,pubmed-24312227,NDC-SOLES
0.140189,pubmed-24322661,NDC-SOLES
0.015898,pubmed-24338564,NDC-SOLES
0.613725,pubmed-24358452,NDC-SOLES
0.051619,pubmed-24361846,NDC-SOLES
0.855764,pubmed-24363064,NDC-SOLES
0.147837,pubmed-24368132,NDC-SOLES
0.140568,pubmed-24374484,NDC-SOLES
0.058447,pubmed-24379110,NDC-SOLES
0.101862,pubmed-24390566,NDC-SOLES
0.133499,pubmed-24406746,NDC-SOLES
0.836961,pubmed-24413569,NDC-SOLES
0.080849,pubmed-24440430,NDC-SOLES
0.937818,pubmed-24441682,NDC-SOLES
0.053051,pubmed-24441871,NDC-SOLES
0.07011,pubmed-24444667,NDC-SOLES
0.731063,pubmed-24465979,NDC-SOLES
0.372348,pubmed-24477985,NDC-SOLES
0.927288,pubmed-24493647,NDC-SOLES
0.943445,pubmed-24497577,NDC-SOLES
0.862672,pubmed-24503856,NDC-SOLES
0.084503,pubmed-24505399,NDC-SOLES
0.099621,pubmed-24516629,NDC-SOLES
0.39644,pubmed-24553919,NDC-SOLES
0.265049,pubmed-24563821,NDC-SOLES
0.880293,pubmed-24598713,NDC-SOLES
0.305572,pubmed-24607885,NDC-SOLES
0.137851,pubmed-24610700,NDC-SOLES
0.916907,pubmed-24639487,NDC-SOLES
0.08319,pubmed-24659129,NDC-SOLES
0.957266,pubmed-24681195,NDC-SOLES
0.079218,pubmed-24700193,NDC-SOLES
0.139683,pubmed-24709680,NDC-SOLES
0.882009,pubmed-24726472,NDC-SOLES
0.241655,pubmed-24736721,NDC-SOLES
0.936457,pubmed-24773431,NDC-SOLES
0.292877,pubmed-24795221,NDC-SOLES
0.193689,pubmed-24798517,NDC-SOLES
0.098909,pubmed-24798796,NDC-SOLES
0.200955,pubmed-24810321,NDC-SOLES
0.328649,pubmed-24819347,NDC-SOLES
0.063701,pubmed-24819961,NDC-SOLES
0.146024,pubmed-24845176,NDC-SOLES
0.098552,pubmed-24849330,NDC-SOLES
0.115572,pubmed-24852577,NDC-SOLES
0.804042,pubmed-24857653,NDC-SOLES
0.299357,pubmed-24866706,NDC-SOLES
0.105508,pubmed-24884696,NDC-SOLES
0.169745,pubmed-24886391,NDC-SOLES
0.255892,pubmed-24895580,NDC-SOLES
0.052411,pubmed-24949720,NDC-SOLES
0.941729,pubmed-24970834,NDC-SOLES
0.130155,pubmed-24974692,NDC-SOLES
0.979728,pubmed-24995986,NDC-SOLES
0.941546,pubmed-24998929,NDC-SOLES
0.36206,pubmed-25011527,NDC-SOLES
0.169715,pubmed-25018042,NDC-SOLES
0.015267,pubmed-25028260,NDC-SOLES
0.213313,pubmed-25041985,NDC-SOLES
0.135511,pubmed-25054635,NDC-SOLES
0.072508,pubmed-25059475,NDC-SOLES
0.511945,pubmed-25061506,NDC-SOLES
0.158847,pubmed-25069822,NDC-SOLES
0.93511,pubmed-25088363,NDC-SOLES
0.530043,pubmed-25109237,NDC-SOLES
0.370624,pubmed-25117540,NDC-SOLES
0.067912,pubmed-25120202,NDC-SOLES
0.14551,pubmed-25133067,NDC-SOLES
0.382773,pubmed-25134682,NDC-SOLES
0.038136,pubmed-25136295,NDC-SOLES
0.943581,pubmed-25144834,NDC-SOLES
0.792053,pubmed-25154505,NDC-SOLES
0.973682,pubmed-25155956,NDC-SOLES
0.09976,pubmed-25159139,NDC-SOLES
0.266504,pubmed-25180573,NDC-SOLES
0.113028,pubmed-25195598,NDC-SOLES
0.490104,pubmed-25196215,NDC-SOLES
0.937269,pubmed-25198012,NDC-SOLES
0.228407,pubmed-25203062,NDC-SOLES
0.089912,pubmed-25229720,NDC-SOLES
0.967349,pubmed-25237666,NDC-SOLES
0.876165,pubmed-25242307,NDC-SOLES
0.20535,pubmed-25249466,NDC-SOLES
0.944675,pubmed-25266127,NDC-SOLES
0.098925,pubmed-25274607,NDC-SOLES
0.406303,pubmed-25278250,NDC-SOLES
0.03751,pubmed-25280786,NDC-SOLES
0.1481,pubmed-25282336,NDC-SOLES
0.837295,pubmed-25288137,NDC-SOLES
0.842824,pubmed-25294932,NDC-SOLES
0.805986,pubmed-25299392,NDC-SOLES
0.110065,pubmed-25317690,NDC-SOLES
0.150801,pubmed-25352624,NDC-SOLES
0.452567,pubmed-25352779,NDC-SOLES
0.156396,pubmed-25380697,NDC-SOLES
0.089722,pubmed-25401971,NDC-SOLES
0.204864,pubmed-25416276,NDC-SOLES
0.954773,pubmed-25420124,NDC-SOLES
0.956338,pubmed-25423136,NDC-SOLES
0.119366,pubmed-25425100,NDC-SOLES
0.960123,pubmed-25444158,NDC-SOLES
0.124262,pubmed-25447297,NDC-SOLES
0.909159,pubmed-25451118,NDC-SOLES
0.887653,pubmed-25484298,NDC-SOLES
0.870573,pubmed-25485098,NDC-SOLES
0.028238,pubmed-25495444,NDC-SOLES
0.131211,pubmed-25511699,NDC-SOLES
0.46814,pubmed-25519132,NDC-SOLES
0.077558,pubmed-25533034,NDC-SOLES
0.892616,pubmed-25533347,NDC-SOLES
0.895415,pubmed-25556659,NDC-SOLES
0.95492,pubmed-25561290,NDC-SOLES
0.96259,pubmed-25568131,NDC-SOLES
0.052143,pubmed-25586771,NDC-SOLES
0.137231,pubmed-25608112,NDC-SOLES
0.856778,pubmed-25609613,NDC-SOLES
0.111296,pubmed-25627799,NDC-SOLES
0.250157,pubmed-25629734,NDC-SOLES
0.148428,pubmed-25636876,NDC-SOLES
0.959043,pubmed-25646590,NDC-SOLES
0.082808,pubmed-25647637,NDC-SOLES
0.064673,pubmed-25681535,NDC-SOLES
0.878423,pubmed-25693964,NDC-SOLES
0.158699,pubmed-25694335,NDC-SOLES
0.183623,pubmed-25744401,NDC-SOLES
0.968155,pubmed-25745399,NDC-SOLES
0.046304,pubmed-25745860,NDC-SOLES
0.132581,pubmed-25772164,NDC-SOLES
0.145118,pubmed-25788692,NDC-SOLES
0.168807,pubmed-25796567,NDC-SOLES
0.889177,pubmed-25804740,NDC-SOLES
0.033833,pubmed-25806467,NDC-SOLES
0.77199,pubmed-25807484,NDC-SOLES
0.481927,pubmed-25811370,NDC-SOLES
0.958838,pubmed-25816842,NDC-SOLES
0.118494,pubmed-25829446,NDC-SOLES
0.076489,pubmed-25843668,NDC-SOLES
0.973998,pubmed-25882707,NDC-SOLES
0.100009,pubmed-25884016,NDC-SOLES
0.189931,pubmed-25891414,NDC-SOLES
0.109948,pubmed-25892183,NDC-SOLES
0.15351,pubmed-25909163,NDC-SOLES
0.90293,pubmed-25935478,NDC-SOLES
0.909109,pubmed-25937288,NDC-SOLES
0.212571,pubmed-25943585,NDC-SOLES
0.869839,pubmed-25948754,NDC-SOLES
0.888708,pubmed-25981743,NDC-SOLES
0.194436,pubmed-25985793,NDC-SOLES
0.185671,pubmed-25988861,NDC-SOLES
0.153825,pubmed-26002626,NDC-SOLES
0.946828,pubmed-26017580,NDC-SOLES
0.057549,pubmed-26019015,NDC-SOLES
0.218523,pubmed-26025967,NDC-SOLES
0.973073,pubmed-26027926,NDC-SOLES
0.121144,pubmed-26032619,NDC-SOLES
0.13737,pubmed-26042820,NDC-SOLES
0.942952,pubmed-26066718,NDC-SOLES
0.109458,pubmed-26072265,NDC-SOLES
0.700693,pubmed-26072958,NDC-SOLES
0.987806,pubmed-26110222,NDC-SOLES
0.83985,pubmed-26117713,NDC-SOLES
0.964913,pubmed-26134648,NDC-SOLES
0.938822,pubmed-26158416,NDC-SOLES
0.921627,pubmed-26166566,NDC-SOLES
0.78792,pubmed-26201245,NDC-SOLES
0.042854,pubmed-26244502,NDC-SOLES
0.735522,pubmed-26272820,NDC-SOLES
0.835357,pubmed-26286618,NDC-SOLES
0.472708,pubmed-26291160,NDC-SOLES
0.841204,pubmed-26291161,NDC-SOLES
0.084736,pubmed-26297531,NDC-SOLES
0.840092,pubmed-26300453,NDC-SOLES
0.027457,pubmed-26321151,NDC-SOLES
0.910993,pubmed-26321676,NDC-SOLES
0.211661,pubmed-26329935,NDC-SOLES
0.688003,pubmed-26333994,NDC-SOLES
0.059946,pubmed-26352929,NDC-SOLES
0.100468,pubmed-26354164,NDC-SOLES
0.143477,pubmed-26361857,NDC-SOLES
0.416988,pubmed-26365303,NDC-SOLES
0.905762,pubmed-26427907,NDC-SOLES
0.314651,pubmed-26442967,NDC-SOLES
0.032822,pubmed-26445953,NDC-SOLES
0.176829,pubmed-26468200,NDC-SOLES
0.222725,pubmed-26471361,NDC-SOLES
0.515238,pubmed-26477937,NDC-SOLES
0.236427,pubmed-26482541,NDC-SOLES
0.068505,pubmed-26484695,NDC-SOLES
0.866674,pubmed-26494785,NDC-SOLES
0.949666,pubmed-26515654,NDC-SOLES
0.937729,pubmed-26538449,NDC-SOLES
0.098742,pubmed-26541756,NDC-SOLES
0.962692,pubmed-26558778,NDC-SOLES
0.991059,pubmed-26559786,NDC-SOLES
0.23336,pubmed-26582750,NDC-SOLES
0.980635,pubmed-26590342,NDC-SOLES
0.079953,pubmed-26598023,NDC-SOLES
0.974736,pubmed-26605526,NDC-SOLES
0.12358,pubmed-26681532,NDC-SOLES
0.991524,pubmed-26687841,NDC-SOLES
0.227446,pubmed-26690566,NDC-SOLES
0.164493,pubmed-26697878,NDC-SOLES
0.886474,pubmed-26733529,NDC-SOLES
0.987609,pubmed-26733807,NDC-SOLES
0.289266,pubmed-26744324,NDC-SOLES
0.058467,pubmed-26768400,NDC-SOLES
0.048346,pubmed-26771440,NDC-SOLES
0.096473,pubmed-26774030,NDC-SOLES
0.90949,pubmed-26782054,NDC-SOLES
0.085154,pubmed-26800876,NDC-SOLES
0.286058,pubmed-26819276,NDC-SOLES
0.852892,pubmed-26847545,NDC-SOLES
0.957436,pubmed-26865403,NDC-SOLES
0.042758,pubmed-26876275,NDC-SOLES
0.061733,pubmed-26883214,NDC-SOLES
0.990184,pubmed-26886798,NDC-SOLES
0.32408,pubmed-26893121,NDC-SOLES
0.250481,pubmed-26907807,NDC-SOLES
0.927423,pubmed-26908602,NDC-SOLES
0.071705,pubmed-26924933,NDC-SOLES
0.121988,pubmed-26931373,NDC-SOLES
0.130063,pubmed-26940972,NDC-SOLES
0.82689,pubmed-26942287,NDC-SOLES
0.021646,pubmed-26944438,NDC-SOLES
0.1593,pubmed-26949108,NDC-SOLES
0.132725,pubmed-26982567,NDC-SOLES
0.071393,pubmed-26983878,NDC-SOLES
0.105062,pubmed-26984280,NDC-SOLES
0.910226,pubmed-27007844,NDC-SOLES
0.053095,pubmed-27010367,NDC-SOLES
0.042681,pubmed-27012990,NDC-SOLES
0.433676,pubmed-27015604,NDC-SOLES
0.924548,pubmed-27021170,NDC-SOLES
0.831022,pubmed-27030752,NDC-SOLES
0.186911,pubmed-27058611,NDC-SOLES
0.095336,pubmed-27064279,NDC-SOLES
0.163344,pubmed-27076172,NDC-SOLES
0.337934,pubmed-27080240,NDC-SOLES
0.077217,pubmed-27107344,NDC-SOLES
0.900019,pubmed-27131348,NDC-SOLES
0.141817,pubmed-27142139,NDC-SOLES
0.100981,pubmed-27151262,NDC-SOLES
0.967159,pubmed-27161151,NDC-SOLES
0.074139,pubmed-27162482,NDC-SOLES
0.049105,pubmed-27178815,NDC-SOLES
0.104447,pubmed-27198666,NDC-SOLES
0.057635,pubmed-27207279,NDC-SOLES
0.776558,pubmed-27229316,NDC-SOLES
0.813213,pubmed-27263037,NDC-SOLES
0.566747,pubmed-27277807,NDC-SOLES
0.99262,pubmed-27293187,NDC-SOLES
0.108621,pubmed-27295498,NDC-SOLES
0.050233,pubmed-27301702,NDC-SOLES
0.904185,pubmed-27313794,NDC-SOLES
0.067851,pubmed-27322458,NDC-SOLES
0.909286,pubmed-27325115,NDC-SOLES
0.901172,pubmed-27329765,NDC-SOLES
0.928382,pubmed-27335463,NDC-SOLES
0.066982,pubmed-27339730,NDC-SOLES
0.166159,pubmed-27353968,NDC-SOLES
0.386804,pubmed-27354901,NDC-SOLES
0.939907,pubmed-27365498,NDC-SOLES
0.047145,pubmed-27402431,NDC-SOLES
0.180066,pubmed-27419661,NDC-SOLES
0.090782,pubmed-27427471,NDC-SOLES
0.90451,pubmed-27436578,NDC-SOLES
0.888273,pubmed-27453576,NDC-SOLES
0.959825,pubmed-27459725,NDC-SOLES
0.113274,pubmed-27469022,NDC-SOLES
0.798259,pubmed-27472223,NDC-SOLES
0.855232,pubmed-27485686,NDC-SOLES
0.800027,pubmed-27488351,NDC-SOLES
0.990225,pubmed-27492494,NDC-SOLES
0.852699,pubmed-27510895,NDC-SOLES
0.133377,pubmed-27515288,NDC-SOLES
0.032357,pubmed-27517478,NDC-SOLES
0.015971,pubmed-27522536,NDC-SOLES
0.965735,pubmed-27544825,NDC-SOLES
0.953311,pubmed-27568567,NDC-SOLES
0.07063,pubmed-27571575,NDC-SOLES
0.982769,pubmed-27602517,NDC-SOLES
0.378162,pubmed-27609886,NDC-SOLES
0.057167,pubmed-27663687,NDC-SOLES
0.967373,pubmed-27668656,NDC-SOLES
0.042383,pubmed-27688705,NDC-SOLES
0.913397,pubmed-27694995,NDC-SOLES
0.059951,pubmed-27706422,NDC-SOLES
0.068006,pubmed-27721485,NDC-SOLES
0.038353,pubmed-27755961,NDC-SOLES
0.327004,pubmed-27760390,NDC-SOLES
0.255027,pubmed-27768878,NDC-SOLES
0.939117,pubmed-27779093,NDC-SOLES
0.185155,pubmed-27782803,NDC-SOLES
0.052034,pubmed-27794094,NDC-SOLES
0.826825,pubmed-27812326,NDC-SOLES
0.848439,pubmed-27819284,NDC-SOLES
0.727892,pubmed-27823858,NDC-SOLES
0.161325,pubmed-27835684,NDC-SOLES
0.119648,pubmed-27837108,NDC-SOLES
0.771761,pubmed-27864380,NDC-SOLES
0.025701,pubmed-27871891,NDC-SOLES
0.123603,pubmed-27873002,NDC-SOLES
0.176034,pubmed-27874262,NDC-SOLES
0.287225,pubmed-27876639,NDC-SOLES
0.145707,pubmed-27879032,NDC-SOLES
0.134048,pubmed-27893847,NDC-SOLES
0.968561,pubmed-27903723,NDC-SOLES
0.10628,pubmed-27903752,NDC-SOLES
0.082775,pubmed-27905510,NDC-SOLES
0.114007,pubmed-27906019,NDC-SOLES
0.891168,pubmed-27912058,NDC-SOLES
0.065908,pubmed-27914789,NDC-SOLES
0.120293,pubmed-27914975,NDC-SOLES
0.084707,pubmed-27935101,NDC-SOLES
0.308132,pubmed-27941795,NDC-SOLES
0.145816,pubmed-27959866,NDC-SOLES
0.058566,pubmed-27992429,NDC-SOLES
0.040955,pubmed-28002487,NDC-SOLES
0.712313,pubmed-28007902,NDC-SOLES
0.827059,pubmed-28032012,NDC-SOLES
0.209995,pubmed-28062175,NDC-SOLES
0.0923,pubmed-28063931,NDC-SOLES
0.132582,pubmed-28082352,NDC-SOLES
0.01861,pubmed-28088493,NDC-SOLES
0.089127,pubmed-28088684,NDC-SOLES
0.311551,pubmed-28093554,NDC-SOLES
0.128184,pubmed-28097474,NDC-SOLES
0.925745,pubmed-28114293,NDC-SOLES
0.757037,pubmed-28119500,NDC-SOLES
0.076712,pubmed-28123348,NDC-SOLES
0.822328,pubmed-28137836,NDC-SOLES
0.787511,pubmed-28137877,NDC-SOLES
0.951183,pubmed-28139198,NDC-SOLES
0.072293,pubmed-28148272,NDC-SOLES
0.040383,pubmed-28165066,NDC-SOLES
0.873398,pubmed-28165338,NDC-SOLES
0.90555,pubmed-28173139,NDC-SOLES
0.140075,pubmed-28176624,NDC-SOLES
0.905525,pubmed-28184409,NDC-SOLES
0.786705,pubmed-28191889,NDC-SOLES
0.086772,pubmed-28222512,NDC-SOLES
0.186568,pubmed-28239767,NDC-SOLES
0.13819,pubmed-28266561,NDC-SOLES
0.064718,pubmed-28281184,NDC-SOLES
0.13295,pubmed-28282235,NDC-SOLES
0.947361,pubmed-28288114,NDC-SOLES
0.87972,pubmed-28297715,NDC-SOLES
0.101751,pubmed-28301380,NDC-SOLES
0.343406,pubmed-28320269,NDC-SOLES
0.961997,pubmed-28323282,NDC-SOLES
0.180008,pubmed-28341640,NDC-SOLES
0.059309,pubmed-28367124,NDC-SOLES
0.02528,pubmed-28372633,NDC-SOLES
0.405597,pubmed-28374847,NDC-SOLES
0.141433,pubmed-28376309,NDC-SOLES
0.933072,pubmed-28385162,NDC-SOLES
0.126562,pubmed-28388948,NDC-SOLES
0.047467,pubmed-28389999,NDC-SOLES
0.987399,pubmed-28402856,NDC-SOLES
0.039129,pubmed-28407783,NDC-SOLES
0.096854,pubmed-28412310,NDC-SOLES
0.881809,pubmed-28416808,NDC-SOLES
0.064347,pubmed-28418888,NDC-SOLES
0.219672,pubmed-28432873,NDC-SOLES
0.101286,pubmed-28439461,NDC-SOLES
0.027551,pubmed-28445388,NDC-SOLES
0.917284,pubmed-28445732,NDC-SOLES
0.273569,pubmed-28448061,NDC-SOLES
0.116859,pubmed-28453222,NDC-SOLES
0.304821,pubmed-28455369,NDC-SOLES
0.923507,pubmed-28465421,NDC-SOLES
0.126062,pubmed-28483592,NDC-SOLES
0.116583,pubmed-28508204,NDC-SOLES
0.495775,pubmed-28513774,NDC-SOLES
0.121029,pubmed-28555070,NDC-SOLES
0.064366,pubmed-28564587,NDC-SOLES
0.047767,pubmed-28576733,NDC-SOLES
0.088529,pubmed-28576854,NDC-SOLES
0.072729,pubmed-28632203,NDC-SOLES
0.060646,pubmed-28669662,NDC-SOLES
0.066287,pubmed-28671246,NDC-SOLES
0.958953,pubmed-28671691,NDC-SOLES
0.977741,pubmed-28674175,NDC-SOLES
0.071809,pubmed-28681918,NDC-SOLES
0.12524,pubmed-28686793,NDC-SOLES
0.872633,pubmed-28695822,NDC-SOLES
0.924194,pubmed-28696432,NDC-SOLES
0.028127,pubmed-28697972,NDC-SOLES
0.09352,pubmed-28716963,NDC-SOLES
0.833362,pubmed-28724954,NDC-SOLES
0.984041,pubmed-28753255,NDC-SOLES
0.322087,pubmed-28758209,NDC-SOLES
0.913593,pubmed-28760966,NDC-SOLES
0.378898,pubmed-28762254,NDC-SOLES
0.121533,pubmed-28777058,NDC-SOLES
0.103427,pubmed-28785288,NDC-SOLES
0.982421,pubmed-28795135,NDC-SOLES
0.950077,pubmed-28813484,NDC-SOLES
0.082219,pubmed-28819903,NDC-SOLES
0.29532,pubmed-28821669,NDC-SOLES
0.869986,pubmed-28823556,NDC-SOLES
0.983155,pubmed-28829283,NDC-SOLES
0.122947,pubmed-28840054,NDC-SOLES
0.405511,pubmed-28852125,NDC-SOLES
0.318005,pubmed-28854222,NDC-SOLES
0.754195,pubmed-28859103,NDC-SOLES
0.070642,pubmed-28860984,NDC-SOLES
0.112817,pubmed-28865486,NDC-SOLES
0.982934,pubmed-28867767,NDC-SOLES
0.057239,pubmed-28888922,NDC-SOLES
0.143951,pubmed-28890778,NDC-SOLES
0.911482,pubmed-28894415,NDC-SOLES
0.032091,pubmed-28901428,NDC-SOLES
0.07266,pubmed-28902710,NDC-SOLES
0.970576,pubmed-28915148,NDC-SOLES
0.954588,pubmed-28921675,NDC-SOLES
0.959161,pubmed-28921757,NDC-SOLES
0.17369,pubmed-28921898,NDC-SOLES
0.946606,pubmed-28922833,NDC-SOLES
0.900938,pubmed-28928363,NDC-SOLES
0.862892,pubmed-28932379,NDC-SOLES
0.937716,pubmed-28948974,NDC-SOLES
0.853688,pubmed-28958035,NDC-SOLES
0.050819,pubmed-28960670,NDC-SOLES
0.109535,pubmed-28972046,NDC-SOLES
0.048452,pubmed-28973338,NDC-SOLES
0.966727,pubmed-28978667,NDC-SOLES
0.954086,pubmed-28993314,NDC-SOLES
0.942649,pubmed-29019980,NDC-SOLES
0.083579,pubmed-29021759,NDC-SOLES
0.948383,pubmed-29021890,NDC-SOLES
0.960509,pubmed-29028156,NDC-SOLES
0.200756,pubmed-29028826,NDC-SOLES
0.244893,pubmed-29035307,NDC-SOLES
0.763828,pubmed-29049287,NDC-SOLES
0.773976,pubmed-29052348,NDC-SOLES
0.094214,pubmed-29071012,NDC-SOLES
0.154011,pubmed-29073181,NDC-SOLES
0.903484,pubmed-29079819,NDC-SOLES
0.772635,pubmed-29086765,NDC-SOLES
0.872775,pubmed-29088697,NDC-SOLES
0.075085,pubmed-29101799,NDC-SOLES
0.144291,pubmed-29105069,NDC-SOLES
0.955765,pubmed-29133852,NDC-SOLES
0.13463,pubmed-29138107,NDC-SOLES
0.087252,pubmed-29142171,NDC-SOLES
0.074103,pubmed-29152770,NDC-SOLES
0.95304,pubmed-29184200,NDC-SOLES
0.925868,pubmed-29184203,NDC-SOLES
0.302082,pubmed-29203851,NDC-SOLES
0.847465,pubmed-29217155,NDC-SOLES
0.050469,pubmed-29254219,NDC-SOLES
0.955276,pubmed-29286317,NDC-SOLES
0.896009,pubmed-29288796,NDC-SOLES
0.208283,pubmed-29288874,NDC-SOLES
0.387792,pubmed-29297264,NDC-SOLES
0.889468,pubmed-29311892,NDC-SOLES
0.894674,pubmed-29317220,NDC-SOLES
0.118951,pubmed-29330041,NDC-SOLES
0.965074,pubmed-29358017,NDC-SOLES
0.29444,pubmed-29360992,NDC-SOLES
0.885859,pubmed-29367010,NDC-SOLES
0.938258,pubmed-29377611,NDC-SOLES
0.277377,pubmed-29377906,NDC-SOLES
0.046,pubmed-29402324,NDC-SOLES
0.076107,pubmed-29414524,NDC-SOLES
0.095135,pubmed-29417472,NDC-SOLES
0.060761,pubmed-29427595,NDC-SOLES
0.023608,pubmed-29434809,NDC-SOLES
0.038426,pubmed-29436695,NDC-SOLES
0.188155,pubmed-29440992,NDC-SOLES
0.173934,pubmed-29477655,NDC-SOLES
0.867181,pubmed-29481897,NDC-SOLES
0.957197,pubmed-29503190,NDC-SOLES
0.108709,pubmed-29515791,NDC-SOLES
0.119694,pubmed-29518407,NDC-SOLES
0.118818,pubmed-29524569,NDC-SOLES
0.937271,pubmed-29531362,NDC-SOLES
0.883248,pubmed-29538625,NDC-SOLES
0.20089,pubmed-29540737,NDC-SOLES
0.101325,pubmed-29615404,NDC-SOLES
0.132031,pubmed-29617673,NDC-SOLES
0.133643,pubmed-29618778,NDC-SOLES
0.909311,pubmed-29619162,NDC-SOLES
0.159983,pubmed-29637443,NDC-SOLES
0.362706,pubmed-29651330,NDC-SOLES
0.157808,pubmed-29653294,NDC-SOLES
0.068183,pubmed-29655084,NDC-SOLES
0.91491,pubmed-29659809,NDC-SOLES
0.964941,pubmed-29668850,NDC-SOLES
0.150306,pubmed-29702408,NDC-SOLES
0.107371,pubmed-29705977,NDC-SOLES
0.264218,pubmed-29720452,NDC-SOLES
0.820575,pubmed-29738885,NDC-SOLES
0.892516,pubmed-29739816,NDC-SOLES
0.059958,pubmed-29751999,NDC-SOLES
0.147513,pubmed-29754170,NDC-SOLES
0.112377,pubmed-29758348,NDC-SOLES
0.043897,pubmed-29765321,NDC-SOLES
0.945699,pubmed-29772390,NDC-SOLES
0.017065,pubmed-29777902,NDC-SOLES
0.083804,pubmed-29785050,NDC-SOLES
0.914917,pubmed-29787855,NDC-SOLES
0.844588,pubmed-29800644,NDC-SOLES
0.929925,pubmed-29802263,NDC-SOLES
0.151497,pubmed-29843233,NDC-SOLES
0.145216,pubmed-29845318,NDC-SOLES
0.650187,pubmed-29858515,NDC-SOLES
0.042082,pubmed-29860390,NDC-SOLES
0.816507,pubmed-29867081,NDC-SOLES
0.384548,pubmed-29867437,NDC-SOLES
0.900819,pubmed-29872062,NDC-SOLES
0.758746,pubmed-29891949,NDC-SOLES
0.178093,pubmed-29898395,NDC-SOLES
0.799878,pubmed-29899064,NDC-SOLES
0.021622,pubmed-29901068,NDC-SOLES
0.124995,pubmed-29913407,NDC-SOLES
0.884119,pubmed-29920279,NDC-SOLES
0.065839,pubmed-29922996,NDC-SOLES
0.952298,pubmed-29933371,NDC-SOLES
0.923203,pubmed-29950161,NDC-SOLES
0.813656,pubmed-29959322,NDC-SOLES
0.027951,pubmed-29965997,NDC-SOLES
0.193835,pubmed-29967385,NDC-SOLES
0.965962,pubmed-29970986,NDC-SOLES
0.937946,pubmed-29970987,NDC-SOLES
0.903252,pubmed-29970989,NDC-SOLES
0.3132,pubmed-29973868,NDC-SOLES
0.940341,pubmed-29977282,NDC-SOLES
0.828781,pubmed-30013074,NDC-SOLES
0.05506,pubmed-30017425,NDC-SOLES
0.060154,pubmed-30027364,NDC-SOLES
0.076224,pubmed-30057682,NDC-SOLES
0.872709,pubmed-30093665,NDC-SOLES
0.953033,pubmed-30104731,NDC-SOLES
0.967685,pubmed-30106381,NDC-SOLES
0.067248,pubmed-30167784,NDC-SOLES
0.142312,pubmed-30176550,NDC-SOLES
0.088595,pubmed-30179086,NDC-SOLES
0.083837,pubmed-30179701,NDC-SOLES
0.083544,pubmed-30189537,NDC-SOLES
0.108908,pubmed-30190413,NDC-SOLES
0.892974,pubmed-30201312,NDC-SOLES
0.383047,pubmed-30224498,NDC-SOLES
0.218117,pubmed-30232930,NDC-SOLES
0.209135,pubmed-30257940,NDC-SOLES
0.129022,pubmed-30264294,NDC-SOLES
0.140186,pubmed-30265917,NDC-SOLES
0.964872,pubmed-30275311,NDC-SOLES
0.975156,pubmed-30302388,NDC-SOLES
0.030348,pubmed-30304552,NDC-SOLES
0.920878,pubmed-30304677,NDC-SOLES
0.075176,pubmed-30307084,NDC-SOLES
0.941613,pubmed-30318412,NDC-SOLES
0.046422,pubmed-30327976,NDC-SOLES
0.04997,pubmed-30341733,NDC-SOLES
0.972103,pubmed-30344048,NDC-SOLES
0.128445,pubmed-30401973,NDC-SOLES
0.953826,pubmed-30405356,NDC-SOLES
0.953224,pubmed-30455454,NDC-SOLES
0.933823,pubmed-30455457,NDC-SOLES
0.135205,pubmed-30455992,NDC-SOLES
0.92853,pubmed-30466882,NDC-SOLES
0.830383,pubmed-30472113,NDC-SOLES
0.081469,pubmed-30473350,NDC-SOLES
0.121407,pubmed-30474642,NDC-SOLES
0.085371,pubmed-30483389,NDC-SOLES
0.94579,pubmed-30522820,NDC-SOLES
0.070779,pubmed-30548678,NDC-SOLES
0.735398,pubmed-30556326,NDC-SOLES
0.655529,pubmed-30557783,NDC-SOLES
0.198879,pubmed-30562963,NDC-SOLES
0.261998,pubmed-30564067,NDC-SOLES
0.08186,pubmed-30572093,NDC-SOLES
0.191709,pubmed-30605673,NDC-SOLES
0.936758,pubmed-30610205,NDC-SOLES
0.03445,pubmed-30614506,NDC-SOLES
0.230673,pubmed-30618601,NDC-SOLES
0.928404,pubmed-30636904,NDC-SOLES
0.130651,pubmed-30638773,NDC-SOLES
0.220523,pubmed-30644360,NDC-SOLES
0.968397,pubmed-30653853,NDC-SOLES
0.93367,pubmed-30655503,NDC-SOLES
0.941135,pubmed-30664622,NDC-SOLES
0.351782,pubmed-30668980,NDC-SOLES
0.048524,pubmed-30672439,NDC-SOLES
0.147029,pubmed-30676691,NDC-SOLES
0.745861,pubmed-30679017,NDC-SOLES
0.178748,pubmed-30679654,NDC-SOLES
0.066632,pubmed-30682205,NDC-SOLES
0.099201,pubmed-30684388,NDC-SOLES
0.903979,pubmed-30705426,NDC-SOLES
0.948705,pubmed-30705620,NDC-SOLES
0.345627,pubmed-30721447,NDC-SOLES
0.055435,pubmed-30736902,NDC-SOLES
0.105626,pubmed-30763657,NDC-SOLES
0.916249,pubmed-30792833,NDC-SOLES
0.098419,pubmed-30820157,NDC-SOLES
0.958956,pubmed-30831192,NDC-SOLES
0.920968,pubmed-30840899,NDC-SOLES
0.904306,pubmed-30842726,NDC-SOLES
0.911034,pubmed-30843029,NDC-SOLES
0.143379,pubmed-30865561,NDC-SOLES
0.060131,pubmed-30867411,NDC-SOLES
0.082385,pubmed-30873018,NDC-SOLES
0.201423,pubmed-30876754,NDC-SOLES
0.362508,pubmed-30883994,NDC-SOLES
0.053563,pubmed-30888578,NDC-SOLES
0.021304,pubmed-30904920,NDC-SOLES
0.83327,pubmed-30920436,NDC-SOLES
0.154126,pubmed-30939835,NDC-SOLES
0.07453,pubmed-30952062,NDC-SOLES
0.982825,pubmed-30962870,NDC-SOLES
0.887279,pubmed-30973326,NDC-SOLES
0.142219,pubmed-30975723,NDC-SOLES
0.622511,pubmed-31031006,NDC-SOLES
0.730994,pubmed-31045243,NDC-SOLES
0.974887,pubmed-31052177,NDC-SOLES
0.088331,pubmed-31071338,NDC-SOLES
0.065729,pubmed-31087709,NDC-SOLES
0.860868,pubmed-31102767,NDC-SOLES
0.098047,pubmed-31115483,NDC-SOLES
0.952921,pubmed-31119867,NDC-SOLES
0.299793,pubmed-31120883,NDC-SOLES
0.831745,pubmed-31139073,NDC-SOLES
0.060697,pubmed-31146260,NDC-SOLES
0.062443,pubmed-31151986,NDC-SOLES
0.152542,pubmed-31185211,NDC-SOLES
0.974616,pubmed-31201320,NDC-SOLES
0.093482,pubmed-31205552,NDC-SOLES
0.127212,pubmed-31207446,NDC-SOLES
0.927274,pubmed-31240311,NDC-SOLES
0.081204,pubmed-31254843,NDC-SOLES
0.862871,pubmed-31263190,NDC-SOLES
0.210241,pubmed-31269453,NDC-SOLES
0.952619,pubmed-31273723,NDC-SOLES
0.056627,pubmed-31277035,NDC-SOLES
0.913742,pubmed-31285321,NDC-SOLES
0.344692,pubmed-31291551,NDC-SOLES
0.08194,pubmed-31291598,NDC-SOLES
0.271864,pubmed-31318658,NDC-SOLES
0.16937,pubmed-31319723,NDC-SOLES
0.965061,pubmed-31332372,NDC-SOLES
0.221487,pubmed-31336386,NDC-SOLES
0.091454,pubmed-31336728,NDC-SOLES
0.094275,pubmed-31363171,NDC-SOLES
0.064541,pubmed-31382178,NDC-SOLES
0.97596,pubmed-31398341,NDC-SOLES
0.247706,pubmed-31402597,NDC-SOLES
0.052704,pubmed-31409036,NDC-SOLES
0.15333,pubmed-31430407,NDC-SOLES
0.186775,pubmed-31436790,NDC-SOLES
0.963763,pubmed-31455858,NDC-SOLES
0.133871,pubmed-31462266,NDC-SOLES
0.073056,pubmed-31474552,NDC-SOLES
0.978587,pubmed-31501495,NDC-SOLES
0.146669,pubmed-31525509,NDC-SOLES
0.918706,pubmed-31534115,NDC-SOLES
0.238931,pubmed-31537644,NDC-SOLES
0.150947,pubmed-31562951,NDC-SOLES
0.036882,pubmed-31572127,NDC-SOLES
0.043899,pubmed-31581549,NDC-SOLES
0.052626,pubmed-31594465,NDC-SOLES
0.958219,pubmed-31600191,NDC-SOLES
0.878692,pubmed-31611379,NDC-SOLES
0.181707,pubmed-31629736,NDC-SOLES
0.886628,pubmed-31636454,NDC-SOLES
0.351144,pubmed-31652960,NDC-SOLES
0.979832,pubmed-31680851,NDC-SOLES
0.093111,pubmed-31702822,NDC-SOLES
0.995563,pubmed-31704787,NDC-SOLES
0.312181,pubmed-31711567,NDC-SOLES
0.145007,pubmed-31723605,NDC-SOLES
0.031696,pubmed-31736268,NDC-SOLES
0.15404,pubmed-31768992,NDC-SOLES
0.94851,pubmed-31780330,NDC-SOLES
0.219276,pubmed-31806371,NDC-SOLES
0.163379,pubmed-31811785,NDC-SOLES
0.053262,pubmed-31830624,NDC-SOLES
0.907454,pubmed-31838149,NDC-SOLES
0.860915,pubmed-31853066,NDC-SOLES
0.983167,pubmed-31870807,NDC-SOLES
0.236961,pubmed-31893618,NDC-SOLES
0.087345,pubmed-31906137,NDC-SOLES
0.02554,pubmed-31929812,NDC-SOLES
0.118399,pubmed-31946716,NDC-SOLES
0.408436,pubmed-31963584,NDC-SOLES
0.249993,pubmed-31965577,NDC-SOLES
0.071462,pubmed-31965581,NDC-SOLES
0.825663,pubmed-31972897,NDC-SOLES
0.850782,pubmed-31978189,NDC-SOLES
0.961289,pubmed-31988060,NDC-SOLES
0.607255,pubmed-31992971,NDC-SOLES
0.068186,pubmed-31996222,NDC-SOLES
0.871531,pubmed-32011705,NDC-SOLES
0.893459,pubmed-32015323,NDC-SOLES
0.044603,pubmed-32057808,NDC-SOLES
0.729114,pubmed-32072336,NDC-SOLES
0.131302,pubmed-32073750,NDC-SOLES
0.058466,pubmed-32076626,NDC-SOLES
0.228643,pubmed-32089764,NDC-SOLES
0.974964,pubmed-32103003,NDC-SOLES
0.825548,pubmed-32126198,NDC-SOLES
0.938835,pubmed-32199104,NDC-SOLES
0.041261,pubmed-32202359,NDC-SOLES
0.023451,pubmed-32230876,NDC-SOLES
0.024709,pubmed-32235506,NDC-SOLES
0.113333,pubmed-32240558,NDC-SOLES
0.068003,pubmed-32279045,NDC-SOLES
0.932654,pubmed-32286273,NDC-SOLES
0.941683,pubmed-32294447,NDC-SOLES
0.022072,pubmed-32315669,NDC-SOLES
0.11728,pubmed-32343869,NDC-SOLES
0.935733,pubmed-32393583,NDC-SOLES
0.961991,pubmed-32398858,NDC-SOLES
0.170144,pubmed-32402894,NDC-SOLES
0.942882,pubmed-32418612,NDC-SOLES
0.075999,pubmed-32421368,NDC-SOLES
0.073395,pubmed-32438848,NDC-SOLES
0.239372,pubmed-32442403,NDC-SOLES
0.943611,pubmed-32498016,NDC-SOLES
0.792136,pubmed-32510763,NDC-SOLES
0.934873,pubmed-32522805,NDC-SOLES
0.9107,pubmed-32527982,NDC-SOLES
0.729051,pubmed-32550443,NDC-SOLES
0.09019,pubmed-32554223,NDC-SOLES
0.739709,pubmed-32579270,NDC-SOLES
0.153104,pubmed-32580634,NDC-SOLES
0.118659,pubmed-32616744,NDC-SOLES
0.433703,pubmed-32620897,NDC-SOLES
0.282864,pubmed-32621917,NDC-SOLES
0.137902,pubmed-32639997,NDC-SOLES
0.240816,pubmed-32680528,NDC-SOLES
0.138127,pubmed-32702654,NDC-SOLES
0.88775,pubmed-32711953,NDC-SOLES
0.192345,pubmed-32737157,NDC-SOLES
0.13723,pubmed-32755644,NDC-SOLES
0.929693,pubmed-32760004,NDC-SOLES
0.884862,pubmed-32769989,NDC-SOLES
0.845045,pubmed-32795412,NDC-SOLES
0.498594,pubmed-32801156,NDC-SOLES
0.970983,pubmed-32817301,NDC-SOLES
0.243702,pubmed-32825833,NDC-SOLES
0.887647,pubmed-32843708,NDC-SOLES
0.856617,pubmed-32879325,NDC-SOLES
0.172074,pubmed-32910945,NDC-SOLES
0.313253,pubmed-32923721,NDC-SOLES
0.091022,pubmed-32930323,NDC-SOLES
0.060927,pubmed-32952018,NDC-SOLES
0.050248,pubmed-32964037,NDC-SOLES
0.05502,pubmed-32984278,NDC-SOLES
0.125092,pubmed-32991815,NDC-SOLES
0.056944,pubmed-32992127,NDC-SOLES
0.939471,pubmed-32994505,NDC-SOLES
0.100892,pubmed-32999161,NDC-SOLES
0.981348,pubmed-33023670,NDC-SOLES
0.211196,pubmed-33040635,NDC-SOLES
0.140638,pubmed-33065094,NDC-SOLES
0.849889,pubmed-33093534,NDC-SOLES
0.040135,pubmed-33096971,NDC-SOLES
0.074325,pubmed-33108787,NDC-SOLES
0.0828,pubmed-33111391,NDC-SOLES
0.890487,pubmed-33113347,NDC-SOLES
0.660265,pubmed-33119838,NDC-SOLES
0.905506,pubmed-33155545,NDC-SOLES
0.047807,pubmed-33184061,NDC-SOLES
0.336245,pubmed-33199411,NDC-SOLES
0.543489,pubmed-33202683,NDC-SOLES
0.073856,pubmed-33222571,NDC-SOLES
0.901178,pubmed-33238114,NDC-SOLES
0.245328,pubmed-33254717,NDC-SOLES
0.06317,pubmed-33276072,NDC-SOLES
0.062407,pubmed-33276243,NDC-SOLES
0.549001,pubmed-33287601,NDC-SOLES
0.919264,pubmed-33305180,NDC-SOLES
0.940831,pubmed-33309840,NDC-SOLES
0.956489,pubmed-33347690,NDC-SOLES
0.04371,pubmed-33353253,NDC-SOLES
0.176348,pubmed-33385943,NDC-SOLES
0.407358,pubmed-33408038,NDC-SOLES
0.012054,pubmed-33439429,NDC-SOLES
0.932682,pubmed-33468258,NDC-SOLES
0.261101,pubmed-33496723,NDC-SOLES
0.338933,pubmed-33499731,NDC-SOLES
0.813354,pubmed-33501714,NDC-SOLES
0.334422,pubmed-33526476,NDC-SOLES
0.263874,pubmed-33537077,NDC-SOLES
0.191423,pubmed-33556823,NDC-SOLES
0.025912,pubmed-33577886,NDC-SOLES
0.065194,pubmed-33597846,NDC-SOLES
0.044337,pubmed-33644470,NDC-SOLES
0.007385,pubmed-33688502,NDC-SOLES
0.962731,pubmed-33726803,NDC-SOLES
0.95884,pubmed-33727673,NDC-SOLES
0.137739,pubmed-33732070,NDC-SOLES
0.064907,pubmed-33741414,NDC-SOLES
0.07429,pubmed-33749521,NDC-SOLES
0.955365,pubmed-33757588,NDC-SOLES
0.922434,pubmed-33758193,NDC-SOLES
0.143641,pubmed-33761355,NDC-SOLES
0.148702,pubmed-33762011,NDC-SOLES
0.929114,pubmed-33762729,NDC-SOLES
0.094275,pubmed-33762938,NDC-SOLES
0.222466,pubmed-33768524,NDC-SOLES
0.21206,pubmed-33785408,NDC-SOLES
0.047709,pubmed-33791311,NDC-SOLES
0.963261,pubmed-33826902,NDC-SOLES
0.150976,pubmed-33833333,NDC-SOLES
0.971663,pubmed-33837267,NDC-SOLES
0.280815,pubmed-33839237,NDC-SOLES
0.447926,pubmed-33847461,NDC-SOLES
0.420337,pubmed-33855352,NDC-SOLES
0.951869,pubmed-33871180,NDC-SOLES
0.137746,pubmed-33876187,NDC-SOLES
0.112127,pubmed-33877368,NDC-SOLES
0.397441,pubmed-33880529,NDC-SOLES
0.096437,pubmed-33893948,NDC-SOLES
0.972419,pubmed-33933000,NDC-SOLES
0.091539,pubmed-33942217,NDC-SOLES
0.148063,pubmed-33968164,NDC-SOLES
0.846918,pubmed-33976205,NDC-SOLES
0.034206,pubmed-33987369,NDC-SOLES
0.0529,pubmed-33987885,NDC-SOLES
0.154564,pubmed-33993268,NDC-SOLES
0.262967,pubmed-33993886,NDC-SOLES
0.064836,pubmed-33994524,NDC-SOLES
0.951057,pubmed-34021030,NDC-SOLES
0.071488,pubmed-34044271,NDC-SOLES
0.049118,pubmed-34060082,NDC-SOLES
0.839673,pubmed-34064215,NDC-SOLES
0.119493,pubmed-34071964,NDC-SOLES
0.824023,pubmed-34077515,NDC-SOLES
0.043139,pubmed-34078809,NDC-SOLES
0.92021,pubmed-34085373,NDC-SOLES
0.023965,pubmed-34091228,NDC-SOLES
0.162834,pubmed-34101533,NDC-SOLES
0.73438,pubmed-34102099,NDC-SOLES
0.093178,pubmed-34104886,NDC-SOLES
0.015252,pubmed-34114402,NDC-SOLES
0.451095,pubmed-34115327,NDC-SOLES
0.055724,pubmed-34119671,NDC-SOLES
0.148424,pubmed-34131204,NDC-SOLES
0.055235,pubmed-34133772,NDC-SOLES
0.929363,pubmed-34135323,NDC-SOLES
0.183034,pubmed-34143952,NDC-SOLES
0.961825,pubmed-34145239,NDC-SOLES
0.943695,pubmed-34145365,NDC-SOLES
0.941386,pubmed-34156984,NDC-SOLES
0.054849,pubmed-34162754,NDC-SOLES
0.9507,pubmed-34173729,NDC-SOLES
0.85998,pubmed-34197733,NDC-SOLES
0.047247,pubmed-34203489,NDC-SOLES
0.16607,pubmed-34231878,NDC-SOLES
0.233989,pubmed-34247447,NDC-SOLES
0.174949,pubmed-34263425,NDC-SOLES
0.26481,pubmed-34280479,NDC-SOLES
0.038392,pubmed-34284544,NDC-SOLES
0.161443,pubmed-34296168,NDC-SOLES
0.076038,pubmed-34296753,NDC-SOLES
0.241782,pubmed-34307363,NDC-SOLES
0.519927,pubmed-34309811,NDC-SOLES
0.138508,pubmed-34313801,NDC-SOLES
0.977823,pubmed-34344536,NDC-SOLES
0.557476,pubmed-34354107,NDC-SOLES
0.063403,pubmed-34413770,NDC-SOLES
0.121263,pubmed-34481935,NDC-SOLES
0.094243,pubmed-34482185,NDC-SOLES
0.530843,pubmed-34494546,NDC-SOLES
0.094686,pubmed-34502488,NDC-SOLES
0.029116,pubmed-34510524,NDC-SOLES
0.20903,pubmed-34516796,NDC-SOLES
0.315542,pubmed-34525371,NDC-SOLES
0.053183,pubmed-34527169,NDC-SOLES
0.937615,pubmed-34533985,NDC-SOLES
0.451152,pubmed-34535637,NDC-SOLES
0.029547,pubmed-34571925,NDC-SOLES
0.314093,pubmed-34580274,NDC-SOLES
0.868684,pubmed-34588434,NDC-SOLES
0.033172,pubmed-34604093,NDC-SOLES
0.069554,pubmed-34607683,NDC-SOLES
0.933897,pubmed-34614421,NDC-SOLES
0.024572,pubmed-34621321,NDC-SOLES
0.326901,pubmed-34622797,NDC-SOLES
0.052308,pubmed-34625711,NDC-SOLES
0.108739,pubmed-34637165,NDC-SOLES
0.070097,pubmed-34642295,NDC-SOLES
0.930967,pubmed-34645823,NDC-SOLES
0.828504,pubmed-34661323,NDC-SOLES
0.955483,pubmed-34667149,NDC-SOLES
0.943726,pubmed-34678068,NDC-SOLES
0.16454,pubmed-34682531,NDC-SOLES
0.382994,pubmed-34692539,NDC-SOLES
0.089218,pubmed-34720021,NDC-SOLES
0.100514,pubmed-34731689,NDC-SOLES
0.1019,pubmed-34755654,NDC-SOLES
0.144755,pubmed-34782347,NDC-SOLES
0.180913,pubmed-34795381,NDC-SOLES
0.072989,pubmed-34825063,NDC-SOLES
0.960706,pubmed-34848499,NDC-SOLES
0.937921,pubmed-34865853,NDC-SOLES
0.878046,pubmed-34908527,NDC-SOLES
0.330474,pubmed-34909687,NDC-SOLES
0.278862,pubmed-34946811,NDC-SOLES
0.828222,pubmed-34949667,NDC-SOLES
0.937848,pubmed-34955712,NDC-SOLES
0.08573,pubmed-34973391,NDC-SOLES
0.071264,pubmed-34979238,NDC-SOLES
0.154122,pubmed-34979308,NDC-SOLES
0.234885,pubmed-34987552,NDC-SOLES
0.0801,pubmed-35003748,NDC-SOLES
0.076493,pubmed-35012443,NDC-SOLES
0.842435,pubmed-35013239,NDC-SOLES
0.970245,pubmed-35022531,NDC-SOLES
0.145314,pubmed-35059975,NDC-SOLES
0.046047,pubmed-35071492,NDC-SOLES
0.052059,pubmed-35073936,NDC-SOLES
0.955217,pubmed-35081333,NDC-SOLES
0.067405,pubmed-35087378,NDC-SOLES
0.04083,pubmed-35110544,NDC-SOLES
0.941419,pubmed-35115700,NDC-SOLES
0.236284,pubmed-35134251,NDC-SOLES
0.666743,pubmed-35134716,NDC-SOLES
0.049301,pubmed-35149247,NDC-SOLES
0.061422,pubmed-35152537,NDC-SOLES
0.354274,pubmed-35185464,NDC-SOLES
0.150391,pubmed-35195262,NDC-SOLES
0.198679,pubmed-35197316,NDC-SOLES
0.037433,pubmed-35198032,NDC-SOLES
0.907853,pubmed-35198865,NDC-SOLES
0.94763,pubmed-35219402,NDC-SOLES
0.936829,pubmed-35241668,NDC-SOLES
0.062112,pubmed-35250568,NDC-SOLES
0.16762,pubmed-35258078,NDC-SOLES
0.163271,pubmed-35271651,NDC-SOLES
0.238243,pubmed-35282767,NDC-SOLES
0.971994,pubmed-35292625,NDC-SOLES
0.861647,pubmed-35303947,NDC-SOLES
0.923463,pubmed-35358499,NDC-SOLES
0.181689,pubmed-35364275,NDC-SOLES
0.981048,pubmed-35365720,NDC-SOLES
0.952721,pubmed-35388181,NDC-SOLES
0.195451,pubmed-35396990,NDC-SOLES
0.13881,pubmed-35398176,NDC-SOLES
0.877772,pubmed-35398487,NDC-SOLES
0.21732,pubmed-35411325,NDC-SOLES
0.925905,pubmed-35449559,NDC-SOLES
0.208027,pubmed-35451230,NDC-SOLES
0.092311,pubmed-35481074,NDC-SOLES
0.994345,pubmed-35508566,NDC-SOLES
0.025322,pubmed-35534584,NDC-SOLES
0.953894,pubmed-35538503,NDC-SOLES
0.232696,pubmed-35544526,NDC-SOLES
0.027052,pubmed-35574272,NDC-SOLES
0.185243,pubmed-35585045,NDC-SOLES
0.077352,pubmed-35597080,NDC-SOLES
0.352317,pubmed-35610565,NDC-SOLES
0.045215,pubmed-35650108,NDC-SOLES
0.298244,pubmed-35681537,NDC-SOLES
0.086575,pubmed-35700633,NDC-SOLES
0.951844,pubmed-35711692,NDC-SOLES
0.115603,pubmed-35712450,NDC-SOLES
0.693271,pubmed-35726031,NDC-SOLES
0.105698,pubmed-35736494,NDC-SOLES
0.064501,pubmed-35738417,NDC-SOLES
0.945107,pubmed-35754477,NDC-SOLES
0.027792,pubmed-35773674,NDC-SOLES
0.242158,pubmed-35785416,NDC-SOLES
0.018464,pubmed-35786420,NDC-SOLES
0.08135,pubmed-35803738,NDC-SOLES
0.816316,pubmed-35819332,NDC-SOLES
0.085761,pubmed-35840521,NDC-SOLES
0.554603,pubmed-35864088,NDC-SOLES
0.05723,pubmed-35866229,NDC-SOLES
0.149832,pubmed-35882808,NDC-SOLES
0.156668,pubmed-35904498,NDC-SOLES
0.916107,pubmed-35917186,NDC-SOLES
0.191565,pubmed-35952672,NDC-SOLES
0.092483,pubmed-35973478,NDC-SOLES
0.883049,pubmed-35977029,NDC-SOLES
0.051752,pubmed-35980799,NDC-SOLES
0.084296,pubmed-36001234,NDC-SOLES
0.047147,pubmed-36009791,NDC-SOLES
0.966173,pubmed-36030255,NDC-SOLES
0.787816,pubmed-36035149,NDC-SOLES
0.280917,pubmed-36050860,NDC-SOLES
0.100947,pubmed-36084502,NDC-SOLES
0.033648,pubmed-36110967,NDC-SOLES
0.028932,pubmed-36132985,NDC-SOLES
0.579119,pubmed-36152629,NDC-SOLES
0.072907,pubmed-36172274,NDC-SOLES
0.237538,pubmed-36232931,NDC-SOLES
0.075589,pubmed-36233336,NDC-SOLES
0.296065,pubmed-36240494,NDC-SOLES
0.100628,pubmed-36241868,NDC-SOLES
0.422429,pubmed-36293496,NDC-SOLES
0.088368,pubmed-36307397,NDC-SOLES
0.670942,pubmed-36318534,NDC-SOLES
0.104607,pubmed-36322759,NDC-SOLES
0.810526,pubmed-36323257,NDC-SOLES
0.870871,pubmed-36324654,NDC-SOLES
0.046664,pubmed-36338027,NDC-SOLES
0.146897,pubmed-36343095,NDC-SOLES
0.106639,pubmed-36358691,NDC-SOLES
0.974388,pubmed-36359212,NDC-SOLES
0.15623,pubmed-36368650,NDC-SOLES
0.936071,pubmed-36402907,NDC-SOLES
0.225174,pubmed-36429076,NDC-SOLES
0.174607,pubmed-36438080,NDC-SOLES
0.205994,pubmed-36441480,NDC-SOLES
0.096055,pubmed-7483906,NDC-SOLES
0.262063,pubmed-7499428,NDC-SOLES
0.113174,pubmed-7532151,NDC-SOLES
0.382486,pubmed-7568099,NDC-SOLES
0.90139,pubmed-7605629,NDC-SOLES
0.103701,pubmed-7609869,NDC-SOLES
0.042619,pubmed-7615336,NDC-SOLES
0.122669,pubmed-7672014,NDC-SOLES
0.042646,pubmed-7750506,NDC-SOLES
0.112388,pubmed-7750509,NDC-SOLES
0.073969,pubmed-7779409,NDC-SOLES
0.115484,pubmed-7787766,NDC-SOLES
0.375227,pubmed-7833795,NDC-SOLES
0.228283,pubmed-7866679,NDC-SOLES
0.125963,pubmed-7889130,NDC-SOLES
0.112584,pubmed-7893419,NDC-SOLES
0.075154,pubmed-7916018,NDC-SOLES
0.916734,pubmed-7920653,NDC-SOLES
0.958509,pubmed-7926784,NDC-SOLES
0.232055,pubmed-7972118,NDC-SOLES
0.758831,pubmed-7976481,NDC-SOLES
0.330547,pubmed-8001125,NDC-SOLES
0.584856,pubmed-8001127,NDC-SOLES
0.100181,pubmed-8006678,NDC-SOLES
0.07454,pubmed-8008629,NDC-SOLES
0.09891,pubmed-8015398,NDC-SOLES
0.085877,pubmed-8021664,NDC-SOLES
0.979803,pubmed-8033209,NDC-SOLES
0.142213,pubmed-8039240,NDC-SOLES
0.047951,pubmed-8070894,NDC-SOLES
0.28277,pubmed-8082762,NDC-SOLES
0.036909,pubmed-8300192,NDC-SOLES
0.548963,pubmed-8673131,NDC-SOLES
0.065491,pubmed-8681893,NDC-SOLES
0.04764,pubmed-8723838,NDC-SOLES
0.036286,pubmed-8737410,NDC-SOLES
0.041624,pubmed-8739122,NDC-SOLES
0.112039,pubmed-8742048,NDC-SOLES
0.18323,pubmed-8746746,NDC-SOLES
0.07407,pubmed-8780855,NDC-SOLES
0.172497,pubmed-8786101,NDC-SOLES
0.922543,pubmed-8789948,NDC-SOLES
0.055726,pubmed-8792330,NDC-SOLES
0.091386,pubmed-8883893,NDC-SOLES
0.074724,pubmed-8891286,NDC-SOLES
0.084572,pubmed-8960978,NDC-SOLES
0.034424,pubmed-9056391,NDC-SOLES
0.882001,pubmed-9060410,NDC-SOLES
0.140232,pubmed-9081626,NDC-SOLES
0.929324,pubmed-9108119,NDC-SOLES
0.493108,pubmed-9140392,NDC-SOLES
0.974189,pubmed-9144249,NDC-SOLES
0.082106,pubmed-9185608,NDC-SOLES
0.23237,pubmed-9284046,NDC-SOLES
0.119935,pubmed-9305828,NDC-SOLES
0.098987,pubmed-9307329,NDC-SOLES
0.098033,pubmed-9324228,NDC-SOLES
0.129231,pubmed-9337875,NDC-SOLES
0.072497,pubmed-9363793,NDC-SOLES
0.081024,pubmed-9372224,NDC-SOLES
0.857353,pubmed-9430716,NDC-SOLES
0.451123,pubmed-9442260,NDC-SOLES
0.057867,pubmed-9450611,NDC-SOLES
0.158027,pubmed-9462754,NDC-SOLES
0.218513,pubmed-9501236,NDC-SOLES
0.042818,pubmed-9518658,NDC-SOLES
0.056621,pubmed-9537840,NDC-SOLES
0.03793,pubmed-9576959,NDC-SOLES
0.132161,pubmed-9578020,NDC-SOLES
0.547765,pubmed-9602127,NDC-SOLES
0.123428,pubmed-9623717,NDC-SOLES
0.044528,pubmed-9630527,NDC-SOLES
0.125369,pubmed-9670897,NDC-SOLES
0.265271,pubmed-9676829,NDC-SOLES
0.101607,pubmed-9696298,NDC-SOLES
0.384923,pubmed-9731525,NDC-SOLES
0.14741,pubmed-9737963,NDC-SOLES
0.085807,pubmed-9739139,NDC-SOLES
0.915981,pubmed-9763493,NDC-SOLES
0.921332,pubmed-9808466,NDC-SOLES
0.884623,pubmed-9832558,NDC-SOLES
0.908481,pubmed-9853749,NDC-SOLES
0.213673,pubmed-9858827,NDC-SOLES
0.87588,pubmed-9883721,NDC-SOLES
0.065599,pubmed-9986741,NDC-SOLES
0.078527,scopus-0028220542,NDC-SOLES
0.060293,scopus-0028693384,NDC-SOLES
0.030089,scopus-0028904318,NDC-SOLES
0.009257,scopus-0029031095,NDC-SOLES
0.01302,scopus-0029882080,NDC-SOLES
0.08721,scopus-0029887756,NDC-SOLES
0.145028,scopus-0030013989,NDC-SOLES
0.033098,scopus-0030472538,NDC-SOLES
0.077025,scopus-0030661967,NDC-SOLES
0.10108,scopus-0030760706,NDC-SOLES
0.050286,scopus-0030851734,NDC-SOLES
0.077122,scopus-0030975671,NDC-SOLES
0.107573,scopus-0031010541,NDC-SOLES
0.038954,scopus-0031048111,NDC-SOLES
0.072088,scopus-0031057457,NDC-SOLES
0.009888,scopus-0032498862,NDC-SOLES
0.404951,scopus-0032920310,NDC-SOLES
0.04722,scopus-0032985894,NDC-SOLES
0.118668,scopus-0033216155,NDC-SOLES
0.145071,scopus-0033603491,NDC-SOLES
0.02919,scopus-0033673416,NDC-SOLES
0.008809,scopus-0033756270,NDC-SOLES
0.036725,scopus-0033848981,NDC-SOLES
0.075583,scopus-0033884328,NDC-SOLES
0.051577,scopus-0033966590,NDC-SOLES
0.020784,scopus-0033972751,NDC-SOLES
0.189728,scopus-0033992695,NDC-SOLES
0.074503,scopus-0034619519,NDC-SOLES
0.145034,scopus-0034652305,NDC-SOLES
0.080321,scopus-0034737737,NDC-SOLES
0.103017,scopus-0034738329,NDC-SOLES
0.010584,scopus-0034741363,NDC-SOLES
0.160414,scopus-0034748550,NDC-SOLES
0.040687,scopus-0034828299,NDC-SOLES
0.070669,scopus-0035708972,NDC-SOLES
0.090027,scopus-0035793377,NDC-SOLES
0.156316,scopus-0035900347,NDC-SOLES
0.055906,scopus-0035919622,NDC-SOLES
0.102904,scopus-0038172649,NDC-SOLES
0.040313,scopus-0038187682,NDC-SOLES
0.087376,scopus-0041825240,NDC-SOLES
0.107234,scopus-0041923549,NDC-SOLES
0.084935,scopus-0042327752,NDC-SOLES
0.06689,scopus-0141613761,NDC-SOLES
0.052808,scopus-0344223547,NDC-SOLES
0.048868,scopus-0348048492,NDC-SOLES
0.134433,scopus-0348134965,NDC-SOLES
0.043616,scopus-12144286634,NDC-SOLES
0.272483,scopus-12844274908,NDC-SOLES
0.070751,scopus-13944268218,NDC-SOLES
0.209886,scopus-15744376945,NDC-SOLES
0.048743,scopus-1642369323,NDC-SOLES
0.089735,scopus-1842373331,NDC-SOLES
0.117257,scopus-20344363681,NDC-SOLES
0.300367,scopus-23644452637,NDC-SOLES
0.08137,scopus-23844438315,NDC-SOLES
0.009843,scopus-24344445341,NDC-SOLES
0.162237,scopus-25444491938,NDC-SOLES
0.191922,scopus-33646945321,NDC-SOLES
0.041949,scopus-33745122517,NDC-SOLES
0.029781,scopus-33745529312,NDC-SOLES
0.064635,scopus-33746179154,NDC-SOLES
0.27067,scopus-33746834540,NDC-SOLES
0.17821,scopus-33748639740,NDC-SOLES
0.524832,scopus-33845340757,NDC-SOLES
0.07598,scopus-33845422007,NDC-SOLES
0.025201,scopus-33846204772,NDC-SOLES
0.017754,scopus-33947410259,NDC-SOLES
0.05191,scopus-33947514003,NDC-SOLES
0.100803,scopus-34250018794,NDC-SOLES
0.226575,scopus-34447253042,NDC-SOLES
0.097099,scopus-34547840292,NDC-SOLES
0.030275,scopus-34548078977,NDC-SOLES
0.380982,scopus-43549109219,NDC-SOLES
0.297342,scopus-43649097985,NDC-SOLES
0.231383,scopus-43849095420,NDC-SOLES
0.029086,scopus-43949131039,NDC-SOLES
0.09131,scopus-44949101607,NDC-SOLES
0.110403,scopus-47949092321,NDC-SOLES
0.140058,scopus-51849092615,NDC-SOLES
0.143389,scopus-52949140804,NDC-SOLES
0.202538,scopus-54849428907,NDC-SOLES
0.232479,scopus-57049170205,NDC-SOLES
0.019322,scopus-63849132087,NDC-SOLES
0.071907,scopus-65949088370,NDC-SOLES
0.082109,scopus-66749149589,NDC-SOLES
0.116297,scopus-67349253535,NDC-SOLES
0.023982,scopus-67649396127,NDC-SOLES
0.052879,scopus-67650526683,NDC-SOLES
0.05919,scopus-67651148274,NDC-SOLES
0.054745,scopus-68849116786,NDC-SOLES
0.047164,scopus-69949145443,NDC-SOLES
0.036148,scopus-70349150027,NDC-SOLES
0.039813,scopus-70350151551,NDC-SOLES
0.075861,scopus-70350417838,NDC-SOLES
0.029654,scopus-75549086867,NDC-SOLES
0.046041,scopus-77952885690,NDC-SOLES
0.13403,scopus-77954330733,NDC-SOLES
0.207316,scopus-77956062627,NDC-SOLES
0.143124,scopus-77956185062,NDC-SOLES
0.093537,scopus-77956515296,NDC-SOLES
0.090119,scopus-77958461485,NDC-SOLES
0.208715,scopus-78649717734,NDC-SOLES
0.028357,scopus-78651282657,NDC-SOLES
0.029471,scopus-79251594628,NDC-SOLES
0.024999,scopus-79954475213,NDC-SOLES
0.119501,scopus-79954588050,NDC-SOLES
0.04429,scopus-79954600463,NDC-SOLES
0.091712,scopus-79955711142,NDC-SOLES
0.093283,scopus-79957592673,NDC-SOLES
0.076803,scopus-79957925579,NDC-SOLES
0.016895,scopus-79958837212,NDC-SOLES
0.123813,scopus-79959236375,NDC-SOLES
0.029331,scopus-79959396966,NDC-SOLES
0.054974,scopus-79959562288,NDC-SOLES
0.115468,scopus-79960045681,NDC-SOLES
0.11976,scopus-80051521553,NDC-SOLES
0.035301,scopus-80051546419,NDC-SOLES
0.038433,scopus-80054756422,NDC-SOLES
0.096963,scopus-83155180352,NDC-SOLES
0.036466,scopus-84455173156,NDC-SOLES
0.047754,scopus-84855457932,NDC-SOLES
0.068367,scopus-84856682195,NDC-SOLES
0.106808,scopus-84857221472,NDC-SOLES
0.066435,scopus-84857427683,NDC-SOLES
0.067558,scopus-84858297187,NDC-SOLES
0.032276,scopus-84861894470,NDC-SOLES
0.113108,scopus-84862888245,NDC-SOLES
0.031228,scopus-84863088665,NDC-SOLES
0.251071,scopus-84863312689,NDC-SOLES
0.054051,scopus-84867640078,NDC-SOLES
0.041591,scopus-84869089461,NDC-SOLES
0.152634,scopus-84869806054,NDC-SOLES
0.078798,scopus-84871945626,NDC-SOLES
0.057699,scopus-84872316630,NDC-SOLES
0.077109,scopus-84873332366,NDC-SOLES
0.257499,scopus-84875647585,NDC-SOLES
0.094718,scopus-84875722648,NDC-SOLES
0.062969,scopus-84876375138,NDC-SOLES
0.203562,scopus-84876488318,NDC-SOLES
0.085675,scopus-84878001014,NDC-SOLES
0.399419,scopus-84880325577,NDC-SOLES
0.060046,scopus-84881087204,NDC-SOLES
0.154029,scopus-84883256782,NDC-SOLES
0.265196,scopus-84883780405,NDC-SOLES
0.055018,scopus-84884475253,NDC-SOLES
0.153364,scopus-84887489425,NDC-SOLES
0.039893,scopus-84893857631,NDC-SOLES
0.052114,scopus-84895787603,NDC-SOLES
0.157512,scopus-84896714283,NDC-SOLES
0.042828,scopus-84899693076,NDC-SOLES
0.048996,scopus-84901416402,NDC-SOLES
0.050615,scopus-84904119223,NDC-SOLES
0.038586,scopus-84904351925,NDC-SOLES
0.047195,scopus-84905393591,NDC-SOLES
0.113849,scopus-84905503311,NDC-SOLES
0.276586,scopus-84906267311,NDC-SOLES
0.04143,scopus-84907322714,NDC-SOLES
0.255322,scopus-84907478287,NDC-SOLES
0.141846,scopus-84907686182,NDC-SOLES
0.017209,scopus-84907937839,NDC-SOLES
0.053281,scopus-84908165185,NDC-SOLES
0.177808,scopus-84908249404,NDC-SOLES
0.041906,scopus-84909619977,NDC-SOLES
0.013776,scopus-84910047122,NDC-SOLES
0.156302,scopus-84910679094,NDC-SOLES
0.103075,scopus-84920973383,NDC-SOLES
0.254513,scopus-84922042119,NDC-SOLES
0.196356,scopus-84923196206,NDC-SOLES
0.068001,scopus-84924017172,NDC-SOLES
0.03036,scopus-84925538942,NDC-SOLES
0.246152,scopus-84926300780,NDC-SOLES
0.026209,scopus-84928707161,NDC-SOLES
0.279358,scopus-84929484987,NDC-SOLES
0.625145,scopus-84930427217,NDC-SOLES
0.409705,scopus-84937409911,NDC-SOLES
0.062426,scopus-84937579754,NDC-SOLES
0.15038,scopus-84938352315,NDC-SOLES
0.06075,scopus-84939491974,NDC-SOLES
0.133489,scopus-84940375897,NDC-SOLES
0.038908,scopus-84941911839,NDC-SOLES
0.041575,scopus-84942988483,NDC-SOLES
0.075052,scopus-84944889340,NDC-SOLES
0.195517,scopus-84947460909,NDC-SOLES
0.180795,scopus-84947780275,NDC-SOLES
0.116147,scopus-84947866833,NDC-SOLES
0.032553,scopus-84951077600,NDC-SOLES
0.079223,scopus-84956549612,NDC-SOLES
0.04886,scopus-84958164864,NDC-SOLES
0.312173,scopus-84959353154,NDC-SOLES
0.216554,scopus-84960848269,NDC-SOLES
0.051669,scopus-84961208806,NDC-SOLES
0.009953,scopus-84965168200,NDC-SOLES
0.031166,scopus-84969796311,NDC-SOLES
0.137172,scopus-84976499798,NDC-SOLES
0.10357,scopus-84977511890,NDC-SOLES
0.019787,scopus-84979882483,NDC-SOLES
0.028524,scopus-84983121051,NDC-SOLES
0.068372,scopus-84983535404,NDC-SOLES
0.056056,scopus-84985942491,NDC-SOLES
0.035828,scopus-84988026268,NDC-SOLES
0.06749,scopus-84990888718,NDC-SOLES
0.220581,scopus-84991241072,NDC-SOLES
0.03367,scopus-84994663327,NDC-SOLES
0.045072,scopus-85009761214,NDC-SOLES
0.049151,scopus-85014474541,NDC-SOLES
0.247464,scopus-85016009015,NDC-SOLES
0.065798,scopus-85019080872,NDC-SOLES
0.195196,scopus-85019642110,NDC-SOLES
0.091793,scopus-85021815468,NDC-SOLES
0.262423,scopus-85029545204,NDC-SOLES
0.088756,scopus-85029566684,NDC-SOLES
0.055758,scopus-85029802144,NDC-SOLES
0.057285,scopus-85031044360,NDC-SOLES
0.039459,scopus-85031409431,NDC-SOLES
0.077004,scopus-85032700578,NDC-SOLES
0.201993,scopus-85032965789,NDC-SOLES
0.360674,scopus-85033220298,NDC-SOLES
0.094519,scopus-85034649233,NDC-SOLES
0.105743,scopus-85037601215,NDC-SOLES
0.085699,scopus-85040728062,NDC-SOLES
0.076313,scopus-85040915749,NDC-SOLES
0.027046,scopus-85041224803,NDC-SOLES
0.152971,scopus-85042498991,NDC-SOLES
0.022595,scopus-85044717196,NDC-SOLES
0.069956,scopus-85044758179,NDC-SOLES
0.005841,scopus-85046403099,NDC-SOLES
0.164857,scopus-85046729603,NDC-SOLES
0.212479,scopus-85047362231,NDC-SOLES
0.121118,scopus-85048990508,NDC-SOLES
0.424415,scopus-85050377639,NDC-SOLES
0.038987,scopus-85050461889,NDC-SOLES
0.180609,scopus-85050512983,NDC-SOLES
0.068432,scopus-85050871446,NDC-SOLES
0.026558,scopus-85051102245,NDC-SOLES
0.08162,scopus-85053054069,NDC-SOLES
0.222739,scopus-85053214155,NDC-SOLES
0.054675,scopus-85055611361,NDC-SOLES
0.022095,scopus-85056762281,NDC-SOLES
0.029643,scopus-85056971368,NDC-SOLES
0.015344,scopus-85058542649,NDC-SOLES
0.110141,scopus-85061123195,NDC-SOLES
0.033241,scopus-85061852161,NDC-SOLES
0.026105,scopus-85062543287,NDC-SOLES
0.023327,scopus-85062586860,NDC-SOLES
0.01873,scopus-85062850274,NDC-SOLES
0.806758,scopus-85062855188,NDC-SOLES
0.087315,scopus-85062943556,NDC-SOLES
0.075839,scopus-85063522146,NDC-SOLES
0.05208,scopus-85064336116,NDC-SOLES
0.075725,scopus-85064459791,NDC-SOLES
0.024361,scopus-85064823256,NDC-SOLES
0.038654,scopus-85065081761,NDC-SOLES
0.086469,scopus-85066443035,NDC-SOLES
0.017593,scopus-85066855452,NDC-SOLES
0.026022,scopus-85068253576,NDC-SOLES
0.074915,scopus-85069640768,NDC-SOLES
0.031565,scopus-85069733025,NDC-SOLES
0.188634,scopus-85070083039,NDC-SOLES
0.087211,scopus-85070667809,NDC-SOLES
0.115049,scopus-85071542699,NDC-SOLES
0.042112,scopus-85072747779,NDC-SOLES
0.01634,scopus-85074653485,NDC-SOLES
0.021476,scopus-85075305701,NDC-SOLES
0.076407,scopus-85075525298,NDC-SOLES
0.06547,scopus-85076096383,NDC-SOLES
0.186132,scopus-85076154395,NDC-SOLES
0.035572,scopus-85076438177,NDC-SOLES
0.153502,scopus-85078333176,NDC-SOLES
0.024595,scopus-85079390378,NDC-SOLES
0.054779,scopus-85079769406,NDC-SOLES
0.06255,scopus-85081215537,NDC-SOLES
0.105959,scopus-85082757138,NDC-SOLES
0.021725,scopus-85082810245,NDC-SOLES
0.282302,scopus-85083210164,NDC-SOLES
0.033945,scopus-85085100562,NDC-SOLES
0.059254,scopus-85085129783,NDC-SOLES
0.163481,scopus-85085354416,NDC-SOLES
0.116622,scopus-85085510461,NDC-SOLES
0.035738,scopus-85085926085,NDC-SOLES
0.100304,scopus-85086734383,NDC-SOLES
0.128998,scopus-85087758978,NDC-SOLES
0.11206,scopus-85088246233,NDC-SOLES
0.026076,scopus-85088375640,NDC-SOLES
0.057135,scopus-85088811502,NDC-SOLES
0.044062,scopus-85089393850,NDC-SOLES
0.022322,scopus-85089787699,NDC-SOLES
0.059213,scopus-85089856202,NDC-SOLES
0.026917,scopus-85090339831,NDC-SOLES
0.052305,scopus-85090564909,NDC-SOLES
0.155522,scopus-85090820556,NDC-SOLES
0.208239,scopus-85091324671,NDC-SOLES
0.042478,scopus-85091608558,NDC-SOLES
0.059937,scopus-85092137317,NDC-SOLES
0.054588,scopus-85092151047,NDC-SOLES
0.043852,scopus-85092459343,NDC-SOLES
0.024068,scopus-85093116800,NDC-SOLES
0.015626,scopus-85095389664,NDC-SOLES
0.022677,scopus-85095427824,NDC-SOLES
0.05278,scopus-85096225443,NDC-SOLES
0.700549,scopus-85096233015,NDC-SOLES
0.275074,scopus-85097033405,NDC-SOLES
0.865781,scopus-85098935782,NDC-SOLES
0.01659,scopus-85101007775,NDC-SOLES
0.057589,scopus-85101065182,NDC-SOLES
0.073712,scopus-85102460755,NDC-SOLES
0.443058,scopus-85102473953,NDC-SOLES
0.154299,scopus-85102496230,NDC-SOLES
0.017288,scopus-85104330100,NDC-SOLES
0.051458,scopus-85105029494,NDC-SOLES
0.074306,scopus-85109609368,NDC-SOLES
0.023333,scopus-85112230113,NDC-SOLES
0.021524,scopus-85112620340,NDC-SOLES
0.070619,scopus-85115186507,NDC-SOLES
0.104625,scopus-85116591248,NDC-SOLES
0.143447,scopus-85117882250,NDC-SOLES
0.022281,scopus-85119075145,NDC-SOLES
0.085698,scopus-85121990426,NDC-SOLES
0.402276,scopus-85122442277,NDC-SOLES
0.099209,scopus-85122738607,NDC-SOLES
0.028933,scopus-85123037363,NDC-SOLES
0.139075,scopus-85125156427,NDC-SOLES
0.079662,scopus-85125933063,NDC-SOLES
0.021751,scopus-85128333521,NDC-SOLES
0.18557,scopus-85130563084,NDC-SOLES
0.066943,scopus-85132753207,NDC-SOLES
0.023763,scopus-85135952069,NDC-SOLES
0.130304,scopus-85136973760,NDC-SOLES
0.176929,scopus-85137965201,NDC-SOLES
0.895571,scopus-85138903049,NDC-SOLES
0.859155,scopus-85139039750,NDC-SOLES
0.053857,scopus-85139081361,NDC-SOLES
0.231124,scopus-85139441713,NDC-SOLES
0.36988,scopus-85139477095,NDC-SOLES
0.068798,scopus-85139731478,NDC-SOLES
0.05631,wos-000070961600007,NDC-SOLES
0.161863,wos-000076776300008,NDC-SOLES
0.080583,wos-000077271900002,NDC-SOLES
0.090583,wos-000078905000021,NDC-SOLES
0.168579,wos-000080465900015,NDC-SOLES
0.041662,wos-000084271000004,NDC-SOLES
0.088179,wos-000085330700038,NDC-SOLES
0.032294,wos-000085528600003,NDC-SOLES
0.035216,wos-000086512700006,NDC-SOLES
0.107131,wos-000088106600001,NDC-SOLES
0.067456,wos-000088472900006,NDC-SOLES
0.104974,wos-000089812800005,NDC-SOLES
0.079052,wos-000165153700002,NDC-SOLES
0.054797,wos-000165176500032,NDC-SOLES
0.027093,wos-000166427900017,NDC-SOLES
0.062658,wos-000167570300004,NDC-SOLES
0.170085,wos-000170863100003,NDC-SOLES
0.093849,wos-000171413400020,NDC-SOLES
0.090926,wos-000172961300004,NDC-SOLES
0.102653,wos-000176685200004,NDC-SOLES
0.035537,wos-000177794000016,NDC-SOLES
0.049183,wos-000178206100002,NDC-SOLES
0.026958,wos-000179374500015,NDC-SOLES
0.046441,wos-000180417200012,NDC-SOLES
0.148332,wos-000180589000033,NDC-SOLES
0.056986,wos-000181340000004,NDC-SOLES
0.09211,wos-000181910500004,NDC-SOLES
0.054911,wos-000182680300036,NDC-SOLES
0.106569,wos-000182989300002,NDC-SOLES
0.026026,wos-000185415900010,NDC-SOLES
0.431774,wos-000186107200001,NDC-SOLES
0.034554,wos-000186584200007,NDC-SOLES
0.028622,wos-000186987100011,NDC-SOLES
0.046397,wos-000187466400005,NDC-SOLES
0.107373,wos-000189395300519,NDC-SOLES
0.210864,wos-000208443703061,NDC-SOLES
0.334078,wos-000209701503204,NDC-SOLES
0.266432,wos-000209829702102,NDC-SOLES
0.006516,wos-000220057700004,NDC-SOLES
0.040381,wos-000220249100017,NDC-SOLES
0.119341,wos-000221350400009,NDC-SOLES
0.07132,wos-000222124800005,NDC-SOLES
0.264556,wos-000222239900002,NDC-SOLES
0.021373,wos-000222964000004,NDC-SOLES
0.166229,wos-000223884600001,NDC-SOLES
0.079734,wos-000224908700004,NDC-SOLES
0.071575,wos-000225538200010,NDC-SOLES
0.067693,wos-000225549300010,NDC-SOLES
0.319876,wos-000225591100010,NDC-SOLES
0.01444,wos-000227127900017,NDC-SOLES
0.043666,wos-000228444300032,NDC-SOLES
0.019423,wos-000228750600002,NDC-SOLES
0.041386,wos-000228851700005,NDC-SOLES
0.073286,wos-000230465500001,NDC-SOLES
0.047119,wos-000231226300012,NDC-SOLES
0.114604,wos-000232269700006,NDC-SOLES
0.120325,wos-000234372500012,NDC-SOLES
0.064992,wos-000235133800011,NDC-SOLES
0.02882,wos-000237017200012,NDC-SOLES
0.261573,wos-000237553800016,NDC-SOLES
0.095558,wos-000237752200004,NDC-SOLES
0.364406,wos-000237984500009,NDC-SOLES
0.040295,wos-000240973700014,NDC-SOLES
0.076826,wos-000242822700010,NDC-SOLES
0.134331,wos-000243554100002,NDC-SOLES
0.664393,wos-000243616000019,NDC-SOLES
0.274021,wos-000244559000012,NDC-SOLES
0.251252,wos-000244692400007,NDC-SOLES
0.057692,wos-000245705800018,NDC-SOLES
0.089823,wos-000247395800018,NDC-SOLES
0.813475,wos-000249272800748,NDC-SOLES
0.079629,wos-000249392000023,NDC-SOLES
0.108294,wos-000249464500006,NDC-SOLES
0.066205,wos-000250010300009,NDC-SOLES
0.043264,wos-000251437700005,NDC-SOLES
0.18794,wos-000253022200009,NDC-SOLES
0.186864,wos-000253925900049,NDC-SOLES
0.347655,wos-000255845700004,NDC-SOLES
0.040554,wos-000257707900006,NDC-SOLES
0.131053,wos-000259483300012,NDC-SOLES
0.02802,wos-000263817000015,NDC-SOLES
0.214637,wos-000264001500005,NDC-SOLES
0.034459,wos-000265291400002,NDC-SOLES
0.022644,wos-000265762200017,NDC-SOLES
0.344131,wos-000268333900002,NDC-SOLES
0.361808,wos-000271416900017,NDC-SOLES
0.143036,wos-000271834500017,NDC-SOLES
0.130035,wos-000271984400012,NDC-SOLES
0.017178,wos-000274342700009,NDC-SOLES
0.085618,wos-000275471600007,NDC-SOLES
0.065338,wos-000275564300006,NDC-SOLES
0.136687,wos-000278393800011,NDC-SOLES
0.010039,wos-000278569200002,NDC-SOLES
0.027872,wos-000279442400006,NDC-SOLES
0.059331,wos-000281748000010,NDC-SOLES
0.346374,wos-000281938600006,NDC-SOLES
0.08418,wos-000281999700009,NDC-SOLES
0.258877,wos-000283502900046,NDC-SOLES
0.304706,wos-000283687800695,NDC-SOLES
0.027295,wos-000284261300010,NDC-SOLES
0.259004,wos-000284831200009,NDC-SOLES
0.087266,wos-000285546400004,NDC-SOLES
0.182824,wos-000285576900035,NDC-SOLES
0.041127,wos-000286180300024,NDC-SOLES
0.047444,wos-000286539700014,NDC-SOLES
0.272176,wos-000290135200010,NDC-SOLES
0.021033,wos-000291388700040,NDC-SOLES
0.079878,wos-000293259900003,NDC-SOLES
0.032089,wos-000295003100003,NDC-SOLES
0.14991,wos-000296915000005,NDC-SOLES
0.067787,wos-000298253600003,NDC-SOLES
0.030303,wos-000298939600014,NDC-SOLES
0.873493,wos-000299175800013,NDC-SOLES
0.011225,wos-000301177100017,NDC-SOLES
0.022219,wos-000302903500013,NDC-SOLES
0.141314,wos-000303333500015,NDC-SOLES
0.260022,wos-000303443100020,NDC-SOLES
0.064541,wos-000306406000004,NDC-SOLES
0.027742,wos-000306730500014,NDC-SOLES
0.073737,wos-000306965200013,NDC-SOLES
0.093258,wos-000313989500001,NDC-SOLES
0.189118,wos-000314744200037,NDC-SOLES
0.328168,wos-000320114400024,NDC-SOLES
0.082336,wos-000321804500011,NDC-SOLES
0.166868,wos-000323458300002,NDC-SOLES
0.078041,wos-000324545800070,NDC-SOLES
0.060752,wos-000324929700020,NDC-SOLES
0.068439,wos-000327188200026,NDC-SOLES
0.159082,wos-000327197200001,NDC-SOLES
0.069619,wos-000327538600016,NDC-SOLES
0.212712,wos-000327883200046,NDC-SOLES
0.397108,wos-000331046800038,NDC-SOLES
0.28549,wos-000331742800013,NDC-SOLES
0.265882,wos-000334165700056,NDC-SOLES
0.05237,wos-000336507100005,NDC-SOLES
0.015241,wos-000337212100001,NDC-SOLES
0.061024,wos-000339948700010,NDC-SOLES
0.072854,wos-000340699000034,NDC-SOLES
0.059448,wos-000345120400004,NDC-SOLES
0.306143,wos-000345220100024,NDC-SOLES
0.061084,wos-000345893300012,NDC-SOLES
0.231305,wos-000346324900010,NDC-SOLES
0.308292,wos-000347586300018,NDC-SOLES
0.263661,wos-000347595100012,NDC-SOLES
0.009511,wos-000349272000013,NDC-SOLES
0.070876,wos-000349454200127,NDC-SOLES
0.031878,wos-000350392200011,NDC-SOLES
0.519878,wos-000351880000181,NDC-SOLES
0.021775,wos-000353003800005,NDC-SOLES
0.034376,wos-000356906100006,NDC-SOLES
0.213702,wos-000357170800006,NDC-SOLES
0.761303,wos-000358302700008,NDC-SOLES
0.016791,wos-000359091100003,NDC-SOLES
0.116642,wos-000359322100008,NDC-SOLES
0.298666,wos-000360929000058,NDC-SOLES
0.016406,wos-000361886700018,NDC-SOLES
0.073929,wos-000364767200001,NDC-SOLES
0.025994,wos-000366313900019,NDC-SOLES
0.068918,wos-000366379400010,NDC-SOLES
0.201298,wos-000366534600121,NDC-SOLES
0.434818,wos-000368371600019,NDC-SOLES
0.105984,wos-000368402200004,NDC-SOLES
0.313552,wos-000370866400009,NDC-SOLES
0.026528,wos-000377545800017,NDC-SOLES
0.203291,wos-000377969500026,NDC-SOLES
0.067107,wos-000386195000006,NDC-SOLES
0.06473,wos-000387850100006,NDC-SOLES
0.041234,wos-000388154700065,NDC-SOLES
0.095771,wos-000388468800030,NDC-SOLES
0.17543,wos-000390311900012,NDC-SOLES
0.082776,wos-000390631500002,NDC-SOLES
0.153236,wos-000391054300011,NDC-SOLES
0.032942,wos-000391302900054,NDC-SOLES
0.231138,wos-000394446808045,NDC-SOLES
0.023129,wos-000395669600006,NDC-SOLES
0.062189,wos-000396161200002,NDC-SOLES
0.062131,wos-000397611900032,NDC-SOLES
0.184201,wos-000399175000069,NDC-SOLES
0.235109,wos-000400155800007,NDC-SOLES
0.356659,wos-000401127800018,NDC-SOLES
0.485471,wos-000401781800012,NDC-SOLES
0.042042,wos-000401804500006,NDC-SOLES
0.030394,wos-000403384400032,NDC-SOLES
0.013196,wos-000403595900003,NDC-SOLES
0.102978,wos-000406260800016,NDC-SOLES
0.051084,wos-000406735700032,NDC-SOLES
0.154785,wos-000407594700001,NDC-SOLES
0.031233,wos-000409241400004,NDC-SOLES
0.170817,wos-000409859800001,NDC-SOLES
0.316389,wos-000410674000007,NDC-SOLES
0.071222,wos-000413559900004,NDC-SOLES
0.028084,wos-000414539600018,NDC-SOLES
0.040621,wos-000415660400001,NDC-SOLES
0.150801,wos-000418750100004,NDC-SOLES
0.048581,wos-000419972400014,NDC-SOLES
0.146374,wos-000422873500074,NDC-SOLES
0.071959,wos-000423516200007,NDC-SOLES
0.227028,wos-000423820200028,NDC-SOLES
0.06613,wos-000425374800013,NDC-SOLES
0.078704,wos-000427344300010,NDC-SOLES
0.079176,wos-000427461900006,NDC-SOLES
0.08301,wos-000427925600006,NDC-SOLES
0.411752,wos-000431188500721,NDC-SOLES
0.112572,wos-000434354000005,NDC-SOLES
0.913352,wos-000436914000001,NDC-SOLES
0.017334,wos-000438024500027,NDC-SOLES
0.131195,wos-000439098200006,NDC-SOLES
0.041321,wos-000439244300001,NDC-SOLES
0.163827,wos-000439737400046,NDC-SOLES
0.05065,wos-000441291900012,NDC-SOLES
0.03139,wos-000441344700004,NDC-SOLES
0.136063,wos-000446586700111,NDC-SOLES
0.034124,wos-000447577300005,NDC-SOLES
0.025494,wos-000449689000008,NDC-SOLES
0.222112,wos-000450048500009,NDC-SOLES
0.045434,wos-000458074300001,NDC-SOLES
0.064309,wos-000460326100006,NDC-SOLES
0.062034,wos-000462508900012,NDC-SOLES
0.185794,wos-000463737000001,NDC-SOLES
0.035278,wos-000466511600016,NDC-SOLES
0.014954,wos-000471708300004,NDC-SOLES
0.089211,wos-000474323900008,NDC-SOLES
0.04237,wos-000481598400001,NDC-SOLES
0.193375,wos-000487122400002,NDC-SOLES
0.092986,wos-000490117200005,NDC-SOLES
0.129098,wos-000491217300011,NDC-SOLES
0.035667,wos-000497842800004,NDC-SOLES
0.090271,wos-000499683800045,NDC-SOLES
0.016269,wos-000502570800098,NDC-SOLES
0.211071,wos-000504323200018,NDC-SOLES
0.034546,wos-000507461600028,NDC-SOLES
0.180953,wos-000507918700024,NDC-SOLES
0.125445,wos-000512888300017,NDC-SOLES
0.064616,wos-000513660200001,NDC-SOLES
0.034321,wos-000520213500001,NDC-SOLES
0.220102,wos-000521989500023,NDC-SOLES
0.341025,wos-000522632400012,NDC-SOLES
0.049433,wos-000526894100010,NDC-SOLES
0.117215,wos-000527294300004,NDC-SOLES
0.025675,wos-000535608700001,NDC-SOLES
0.031257,wos-000539424200003,NDC-SOLES
0.047202,wos-000540482200077,NDC-SOLES
0.095748,wos-000551794700001,NDC-SOLES
0.039746,wos-000557955600009,NDC-SOLES
0.214591,wos-000565899700016,NDC-SOLES
0.256819,wos-000567377300005,NDC-SOLES
0.038159,wos-000572643900011,NDC-SOLES
0.094321,wos-000575272900001,NDC-SOLES
0.751928,wos-000579844101433,NDC-SOLES
0.090305,wos-000580006100001,NDC-SOLES
0.040747,wos-000583358800001,NDC-SOLES
0.205182,wos-000596508400010,NDC-SOLES
0.108366,wos-000600689300018,NDC-SOLES
0.012949,wos-000604931400001,NDC-SOLES
0.02197,wos-000631611400001,NDC-SOLES
0.095458,wos-000651547800003,NDC-SOLES
0.110827,wos-000665815000001,NDC-SOLES
0.010018,wos-000680010500001,NDC-SOLES
0.071287,wos-000686078300001,NDC-SOLES
0.010068,wos-000702719100003,NDC-SOLES
0.019567,wos-000702721800011,NDC-SOLES
0.04303,wos-000704585300003,NDC-SOLES
0.157638,wos-000709928200005,NDC-SOLES
0.071991,wos-000711422700019,NDC-SOLES
0.076158,wos-000731322200001,NDC-SOLES
0.036448,wos-000732949400002,NDC-SOLES
0.194363,wos-000734899000003,NDC-SOLES
0.150712,wos-000754863300001,NDC-SOLES
0.081972,wos-000778536300005,NDC-SOLES
0.055673,wos-000791954500007,NDC-SOLES
0.070145,wos-000801224500001,NDC-SOLES
0.692214,wos-000803187600008,NDC-SOLES
0.449839,wos-000823159800001,NDC-SOLES
0.313039,wos-000854179100301,NDC-SOLES
0.372056,wos-000862189700001,NDC-SOLES
0.016261,wos-000865982700010,NDC-SOLES
0.02942,wos-000884711600001,NDC-SOLES
0.006822,wos-a1995qp36200004,NDC-SOLES
0.037808,wos-a1995tk93300007,NDC-SOLES
0.199587,wos-a1996vj51100013,NDC-SOLES
0.292845,wos-a1997xc96100007,NDC-SOLES
0.020235,wos-a1997xl45900007,NDC-SOLES
0.276422,wos-a1997yg42700006,NDC-SOLES
